-- phpMyAdmin SQL Dump
-- version 4.3.8
-- http://www.phpmyadmin.net
--
-- Host: localhost
-- Generation Time: Jun 18, 2017 at 09:19 AM
-- Server version: 5.6.32-78.1-log
-- PHP Version: 5.6.20

SET SQL_MODE = "NO_AUTO_VALUE_ON_ZERO";
SET time_zone = "+00:00";


/*!40101 SET @OLD_CHARACTER_SET_CLIENT=@@CHARACTER_SET_CLIENT */;
/*!40101 SET @OLD_CHARACTER_SET_RESULTS=@@CHARACTER_SET_RESULTS */;
/*!40101 SET @OLD_COLLATION_CONNECTION=@@COLLATION_CONNECTION */;
/*!40101 SET NAMES utf8 */;

--
-- Database: `crescesz_mobdoc`
--

-- --------------------------------------------------------

--
-- Table structure for table `md_appointment`
--

CREATE TABLE IF NOT EXISTS `md_appointment` (
  `appointmentId` int(10) NOT NULL,
  `appointmentBookTime` timestamp NOT NULL DEFAULT CURRENT_TIMESTAMP ON UPDATE CURRENT_TIMESTAMP,
  `appointmentStatus` tinyint(1) NOT NULL DEFAULT '1',
  `patientId` int(10) NOT NULL,
  `specialistId` int(11) NOT NULL,
  `timeslotId` int(10) NOT NULL,
  `patientName` varchar(30) NOT NULL,
  `patientMobile` varchar(20) NOT NULL,
  `patientEmail` varchar(30) NOT NULL,
  `patientLocation` varchar(30) NOT NULL,
  `visitReason` text NOT NULL,
  `visitedBefore` tinyint(1) NOT NULL,
  `visitOther` text,
  `insuranceId` int(11) NOT NULL,
  `visitMainReason` int(11) NOT NULL,
  `paymentStatus` tinyint(1) NOT NULL DEFAULT '0'
) ENGINE=InnoDB AUTO_INCREMENT=20 DEFAULT CHARSET=latin1 ROW_FORMAT=COMPACT;

--
-- Dumping data for table `md_appointment`
--

INSERT INTO `md_appointment` (`appointmentId`, `appointmentBookTime`, `appointmentStatus`, `patientId`, `specialistId`, `timeslotId`, `patientName`, `patientMobile`, `patientEmail`, `patientLocation`, `visitReason`, `visitedBefore`, `visitOther`, `insuranceId`, `visitMainReason`, `paymentStatus`) VALUES
(14, '2017-06-01 10:11:15', 0, 24, 10, 53, 'Jose', '0704230735', 'jose@gmail.com', 'Nakuru', '', 1, '', 2, 96, 0),
(15, '2017-05-31 14:46:13', 1, 10, 10, 53, 'Moses Mwendwa', '0705357155', 'moses@gmail.com', 'Nairobi Upper Hill, Nairobi, N', '', 1, '', 2, 94, 2),
(16, '2017-06-01 10:49:17', 1, 24, 10, 54, 'Jose', '0704230735', 'jose@gmail.com', 'Nakuru East, Nakuru, Nakuru Co', 'Headache', 1, '', 4, 95, 2),
(17, '2017-06-01 13:06:14', 0, 24, 10, 54, 'Jose', '0704230735', 'jose@gmail.com', 'Nakuru East, Nakuru, Nakuru Co', '', 1, '', 1, 96, 2),
(18, '2017-06-18 09:48:15', 2, 26, 10, 56, 'Judy Maina', '0704230738', 'judy@gmail.com', 'Nakuru', '', 1, '', 1, 88, 0),
(19, '2017-06-18 14:57:25', 1, 28, 10, 56, 'Testing Patient', '070847343', 'hello@crescentke.com', 'Nakuru', '', 1, '', 1, 96, 0);

-- --------------------------------------------------------

--
-- Table structure for table `md_billing`
--

CREATE TABLE IF NOT EXISTS `md_billing` (
  `billId` int(11) NOT NULL,
  `specialistId` int(11) NOT NULL,
  `payLater` tinyint(1) NOT NULL DEFAULT '0',
  `deleted` tinyint(1) NOT NULL DEFAULT '0',
  `createdOn` timestamp NOT NULL DEFAULT CURRENT_TIMESTAMP,
  `billAmount` int(5) NOT NULL,
  `billInfo` text NOT NULL
) ENGINE=InnoDB AUTO_INCREMENT=3 DEFAULT CHARSET=latin1 ROW_FORMAT=COMPACT;

--
-- Dumping data for table `md_billing`
--

INSERT INTO `md_billing` (`billId`, `specialistId`, `payLater`, `deleted`, `createdOn`, `billAmount`, `billInfo`) VALUES
(2, 10, 0, 0, '2017-05-16 15:44:55', 3, 'There will be no refunds');

-- --------------------------------------------------------

--
-- Table structure for table `md_certifications`
--

CREATE TABLE IF NOT EXISTS `md_certifications` (
  `certificationId` int(11) NOT NULL,
  `certificationName` varchar(30) NOT NULL,
  `certificationDeleted` tinyint(1) NOT NULL DEFAULT '0',
  `createdOn` timestamp NOT NULL DEFAULT CURRENT_TIMESTAMP,
  `createdBy` int(11) NOT NULL
) ENGINE=InnoDB AUTO_INCREMENT=2 DEFAULT CHARSET=latin1;

--
-- Dumping data for table `md_certifications`
--

INSERT INTO `md_certifications` (`certificationId`, `certificationName`, `certificationDeleted`, `createdOn`, `createdBy`) VALUES
(1, 'Medical Board of Kenya', 0, '2017-05-17 13:26:03', 2);

-- --------------------------------------------------------

--
-- Table structure for table `md_facilities`
--

CREATE TABLE IF NOT EXISTS `md_facilities` (
  `facilityId` int(11) NOT NULL,
  `facilityName` varchar(30) NOT NULL,
  `createdBy` int(11) NOT NULL,
  `facilityStatus` int(1) NOT NULL DEFAULT '0',
  `addedOn` timestamp NOT NULL DEFAULT CURRENT_TIMESTAMP
) ENGINE=InnoDB AUTO_INCREMENT=3 DEFAULT CHARSET=latin1 ROW_FORMAT=COMPACT;

--
-- Dumping data for table `md_facilities`
--

INSERT INTO `md_facilities` (`facilityId`, `facilityName`, `createdBy`, `facilityStatus`, `addedOn`) VALUES
(1, 'Clinic', 2, 1, '2017-04-21 19:35:33'),
(2, 'Hospital', 2, 1, '2017-05-02 11:42:07');

-- --------------------------------------------------------

--
-- Table structure for table `md_insurance`
--

CREATE TABLE IF NOT EXISTS `md_insurance` (
  `insuranceId` int(10) NOT NULL,
  `insuranceName` varchar(30) NOT NULL,
  `insuranceStatus` tinyint(1) NOT NULL DEFAULT '1',
  `createdBy` int(11) NOT NULL,
  `lastUpdate` timestamp NOT NULL DEFAULT CURRENT_TIMESTAMP
) ENGINE=InnoDB AUTO_INCREMENT=5 DEFAULT CHARSET=latin1 ROW_FORMAT=COMPACT;

--
-- Dumping data for table `md_insurance`
--

INSERT INTO `md_insurance` (`insuranceId`, `insuranceName`, `insuranceStatus`, `createdBy`, `lastUpdate`) VALUES
(1, 'NHIF', 1, 2, '2017-05-10 14:51:18'),
(2, 'KCA Insurance', 1, 2, '2017-05-10 14:54:33'),
(3, 'Family Bank', 1, 2, '2017-05-15 16:22:42'),
(4, 'I am paying for myself', 1, 2, '2017-05-27 15:10:46');

-- --------------------------------------------------------

--
-- Table structure for table `md_notifications`
--

CREATE TABLE IF NOT EXISTS `md_notifications` (
  `notifId` int(11) NOT NULL,
  `notifTo` int(11) NOT NULL,
  `notifFrom` int(11) NOT NULL,
  `notifMessage` varchar(500) NOT NULL,
  `notifLink` varchar(200) NOT NULL,
  `notifStatus` tinyint(1) NOT NULL DEFAULT '0',
  `notifTime` timestamp NOT NULL DEFAULT CURRENT_TIMESTAMP,
  `deleted` tinyint(1) NOT NULL DEFAULT '0'
) ENGINE=InnoDB AUTO_INCREMENT=35 DEFAULT CHARSET=latin1;

--
-- Dumping data for table `md_notifications`
--

INSERT INTO `md_notifications` (`notifId`, `notifTo`, `notifFrom`, `notifMessage`, `notifLink`, `notifStatus`, `notifTime`, `deleted`) VALUES
(27, 10, 24, 'One new appointment request', 'appointment/detail/13', 1, '2017-05-30 16:33:21', 0),
(28, 10, 24, 'One new appointment request', 'appointment/detail/14', 1, '2017-05-31 07:26:00', 0),
(29, 10, 10, 'One new appointment request', 'appointment/detail/15', 1, '2017-05-31 14:46:13', 0),
(30, 10, 24, 'One new appointment request', 'appointment/detail/16', 1, '2017-06-01 10:49:17', 0),
(31, 10, 24, 'One new appointment request', 'appointment/detail/17', 1, '2017-06-01 11:04:27', 0),
(32, 10, 26, 'One new appointment request', 'appointment/detail/18', 1, '2017-06-18 09:46:03', 0),
(33, 26, 10, 'Your appointment has been confirmed', 'appointment/detail/18', 0, '2017-06-18 09:48:15', 0),
(34, 10, 28, 'One new appointment request', 'appointment/detail/19', 0, '2017-06-18 14:54:09', 0);

-- --------------------------------------------------------

--
-- Table structure for table `md_payments`
--

CREATE TABLE IF NOT EXISTS `md_payments` (
  `payment_id` int(11) NOT NULL,
  `transaction_reference` varchar(10) NOT NULL,
  `payment_time` timestamp NOT NULL DEFAULT CURRENT_TIMESTAMP,
  `appointment_id` int(11) NOT NULL,
  `verified` tinyint(1) DEFAULT '0',
  `completed` tinyint(4) NOT NULL DEFAULT '0',
  `transaction_timestamp` varchar(30) NOT NULL,
  `transaction_type` varchar(30) NOT NULL,
  `sender_phone` varchar(20) NOT NULL,
  `first_name` varchar(20) NOT NULL,
  `last_name` varchar(20) NOT NULL,
  `amount` int(11) NOT NULL
) ENGINE=InnoDB AUTO_INCREMENT=11 DEFAULT CHARSET=latin1 ROW_FORMAT=COMPACT;

--
-- Dumping data for table `md_payments`
--

INSERT INTO `md_payments` (`payment_id`, `transaction_reference`, `payment_time`, `appointment_id`, `verified`, `completed`, `transaction_timestamp`, `transaction_type`, `sender_phone`, `first_name`, `last_name`, `amount`) VALUES
(7, 'LEV54U5KIN', '2017-05-31 07:18:00', 16, 0, 1, '2017-05-31T07:17:57Z', 'buygoods', '+254704230735', 'CRESCENT', 'MUSYOKI', 1),
(8, 'LEV54U5KIM', '2017-05-31 09:33:53', 14, 0, 1, '2017-05-31T07:19:57Z', 'buygoods', '+254704230735', 'CRESCENT', 'MUSYOKI', 999),
(9, 'LFI1B8FS3B', '2017-06-18 09:47:01', 18, 0, 1, '2017-06-18T09:46:59Z', 'buygoods', '+254704230735', 'CRESCENT', 'MUSYOKI', 3),
(10, 'LFI1BCFICD', '2017-06-18 14:56:43', 19, 0, 1, '2017-06-18T14:56:41Z', 'buygoods', '+254721942755', 'ANTHONY', 'GATHONI', 3);

-- --------------------------------------------------------

--
-- Table structure for table `md_reports`
--

CREATE TABLE IF NOT EXISTS `md_reports` (
  `reportId` int(11) NOT NULL,
  `reportType` varchar(30) NOT NULL,
  `reportFilter` varchar(50) NOT NULL,
  `deleted` tinyint(1) NOT NULL DEFAULT '0'
) ENGINE=InnoDB DEFAULT CHARSET=latin1;

-- --------------------------------------------------------

--
-- Table structure for table `md_review`
--

CREATE TABLE IF NOT EXISTS `md_review` (
  `reviewId` int(11) NOT NULL,
  `reviewPublisher` int(11) NOT NULL,
  `reviewTarget` int(11) NOT NULL,
  `reviewContent` text NOT NULL,
  `reviewDate` timestamp NOT NULL DEFAULT CURRENT_TIMESTAMP,
  `reviewStatus` int(1) NOT NULL DEFAULT '0'
) ENGINE=InnoDB AUTO_INCREMENT=4 DEFAULT CHARSET=latin1 ROW_FORMAT=COMPACT;

--
-- Dumping data for table `md_review`
--

INSERT INTO `md_review` (`reviewId`, `reviewPublisher`, `reviewTarget`, `reviewContent`, `reviewDate`, `reviewStatus`) VALUES
(3, 24, 10, 'Testing', '2017-06-01 14:08:00', 0);

-- --------------------------------------------------------

--
-- Table structure for table `md_sessions`
--

CREATE TABLE IF NOT EXISTS `md_sessions` (
  `id` varchar(128) NOT NULL,
  `ip_address` varchar(45) NOT NULL,
  `timestamp` int(10) unsigned NOT NULL DEFAULT '0',
  `data` blob NOT NULL
) ENGINE=InnoDB DEFAULT CHARSET=latin1;

--
-- Dumping data for table `md_sessions`
--

INSERT INTO `md_sessions` (`id`, `ip_address`, `timestamp`, `data`) VALUES
('00311639a340ee0211367c9f5809b0ffc582ecaa', '37.110.33.26', 1497787772, 0x5f5f63695f6c6173745f726567656e65726174657c693a313439373738373737323b),
('01e7e7eda6e9a44c02af57c21df7fd5e0ece5b06', '105.50.93.128', 1497021585, 0x5f5f63695f6c6173745f726567656e65726174657c693a313439373032313538353b757365725f736573737c613a313a7b733a363a22757365724964223b733a313a2232223b7d),
('0392051ea5197d583e3735df28519865c255c3e1', '54.165.90.203', 1497625103, 0x5f5f63695f6c6173745f726567656e65726174657c693a313439373632353130333b),
('05ea2a9559f8ff15ea37fd1b3dd3c6c2cad1748a', '105.50.93.128', 1497022652, 0x5f5f63695f6c6173745f726567656e65726174657c693a313439373032323635323b),
('07fe16b9f61d4f4dc410e29623291d53d840c503', '105.50.93.128', 1497022183, 0x5f5f63695f6c6173745f726567656e65726174657c693a313439373032323138333b757365725f736573737c613a313a7b733a363a22757365724964223b733a323a223236223b7d),
('0e239217ae9f12d97e0edf03b09aacd9ec29226b', '105.50.93.128', 1497025087, 0x5f5f63695f6c6173745f726567656e65726174657c693a313439373032353038373b757365725f736573737c613a313a7b733a363a22757365724964223b733a323a223130223b7d),
('0f9dc5a33fef1c5b9f31486765d275fba351d645', '105.50.93.128', 1497018018, 0x5f5f63695f6c6173745f726567656e65726174657c693a313439373031383031383b),
('133853c965bb335963d551588444675c1f7b1e05', '54.75.247.142', 1497797803, 0x5f5f63695f6c6173745f726567656e65726174657c693a313439373739373830333b),
('14e0529a4d95d02a7b4ab6e4d835f8ec4bdff31f', '41.80.103.69', 1497083206, 0x5f5f63695f6c6173745f726567656e65726174657c693a313439373038333230363b757365725f736573737c613a313a7b733a363a22757365724964223b733a313a2232223b7d),
('1c21f3017605d7e38f3f0fc67ff6debbb88ad5ff', '41.80.103.69', 1497084671, 0x5f5f63695f6c6173745f726567656e65726174657c693a313439373038343637313b757365725f736573737c613a313a7b733a363a22757365724964223b733a323a223236223b7d),
('1ccfc65cb9f9db4a5c5a40fd1481b1a989c41f8c', '105.50.93.128', 1497021355, 0x5f5f63695f6c6173745f726567656e65726174657c693a313439373032313335353b757365725f736573737c613a313a7b733a363a22757365724964223b733a323a223236223b7d),
('1cffe6b5d7ae40b6024bd2e08e50ba577d8b78ed', '54.165.90.203', 1496993841, 0x5f5f63695f6c6173745f726567656e65726174657c693a313439363939333834313b),
('1f3f071f8c67ab7a1eca290b664ddb6f9ae46032', '105.50.93.128', 1497021750, 0x5f5f63695f6c6173745f726567656e65726174657c693a313439373032313735303b757365725f736573737c613a313a7b733a363a22757365724964223b733a323a223236223b7d),
('245b7cffa04e1533c81ebea19d0b90d9bc16c5ec', '54.165.90.203', 1497625798, 0x5f5f63695f6c6173745f726567656e65726174657c693a313439373632353739383b),
('292f7aea77a60a1c4875c0640371cc02146b6acc', '41.89.96.58', 1497017447, 0x5f5f63695f6c6173745f726567656e65726174657c693a313439373031373434363b),
('2abe24237d7025f6a9ba2266634a1ed6c74337b6', '105.50.93.128', 1497021557, 0x5f5f63695f6c6173745f726567656e65726174657c693a313439373032313535373b),
('2c091913ea08e9eedfeac40c259c6103263ff375', '105.50.93.128', 1497022747, 0x5f5f63695f6c6173745f726567656e65726174657c693a313439373032323734373b757365725f736573737c613a313a7b733a363a22757365724964223b733a323a223236223b7d),
('2c12370b36de4599b458dc83daf319330a60b57d', '105.50.93.128', 1497022980, 0x5f5f63695f6c6173745f726567656e65726174657c693a313439373032323938303b757365725f736573737c613a313a7b733a363a22757365724964223b733a323a223236223b7d),
('2c18f3a75db18ce4006cdb909471877c6954b15d', '141.8.143.210', 1497497305, 0x5f5f63695f6c6173745f726567656e65726174657c693a313439373439373330353b),
('3004c5d1455f80aebb758c202b63957ba17ea11a', '105.50.93.128', 1497033036, 0x5f5f63695f6c6173745f726567656e65726174657c693a313439373033333033353b757365725f736573737c613a333a7b733a363a22757365724964223b733a323a223236223b733a383a22757365726e616d65223b733a343a224e554c4c223b733a393a227573657267726f7570223b733a313a2232223b7d),
('30314a4152a09ab3754407462779ea0361e923ed', '105.50.93.128', 1497019086, 0x5f5f63695f6c6173745f726567656e65726174657c693a313439373031393038363b),
('32789a5de4b7b5be5979156aa6aa844b5c99d982', '105.50.93.128', 1497021515, 0x5f5f63695f6c6173745f726567656e65726174657c693a313439373032313531353b757365725f736573737c613a313a7b733a363a22757365724964223b733a323a223236223b7d),
('34b341cd4b8a5c62376ee30f672e4bd095c923a4', '105.50.93.128', 1497018894, 0x5f5f63695f6c6173745f726567656e65726174657c693a313439373031383839343b),
('377d88a80670a18e061870d398808077319a7e65', '105.50.93.128', 1497021345, 0x5f5f63695f6c6173745f726567656e65726174657c693a313439373032313334353b),
('384ed2d6d835b4736375ab9d37cf78c1997e1234', '196.97.15.139', 1497089099, 0x5f5f63695f6c6173745f726567656e65726174657c693a313439373038393039393b),
('38f0ffa899da3d30777647555d690610a02157f4', '105.50.93.128', 1497025013, 0x5f5f63695f6c6173745f726567656e65726174657c693a313439373032353031333b),
('396c316ffd30746a4a11085e3d57012e1dfe703b', '196.97.15.139', 1497092680, 0x5f5f63695f6c6173745f726567656e65726174657c693a313439373039323638303b757365725f736573737c613a313a7b733a363a22757365724964223b733a313a2232223b7d),
('3c3506ce5a2d2a744e828317509691d2ad5d1ab8', '105.50.93.128', 1497020789, 0x5f5f63695f6c6173745f726567656e65726174657c693a313439373032303738393b757365725f736573737c613a313a7b733a363a22757365724964223b733a323a223236223b7d),
('3eb5c2a48eb224f25ea1403cbf622f9209e3b0ce', '105.50.93.128', 1497026102, 0x5f5f63695f6c6173745f726567656e65726174657c693a313439373032363030313b757365725f736573737c613a333a7b733a363a22757365724964223b733a323a223236223b733a383a22757365726e616d65223b733a343a224e554c4c223b733a393a227573657267726f7570223b733a313a2232223b7d),
('3f41e202411ae2643caf69e17e18b66b69cc6fb4', '197.180.222.22', 1496743853, 0x5f5f63695f6c6173745f726567656e65726174657c693a313439363734333834393b),
('40e0d3981052ef616a04a0c644d69bbd04fb573c', '105.50.93.128', 1497022321, 0x5f5f63695f6c6173745f726567656e65726174657c693a313439373032323332313b757365725f736573737c613a313a7b733a363a22757365724964223b733a323a223236223b7d),
('42cc76f0491bb8eb9b86282e85e74079a57f18f7', '54.165.90.203', 1497625103, 0x5f5f63695f6c6173745f726567656e65726174657c693a313439373632353130333b),
('45fd4e0e02f3e877065351391f96bd41993816cf', '41.80.103.69', 1497082159, 0x5f5f63695f6c6173745f726567656e65726174657c693a313439373038323135393b757365725f736573737c613a313a7b733a363a22757365724964223b733a313a2232223b7d),
('4728c9efca0d4ba5e6101def149359eb9c564787', '54.165.90.203', 1496701869, 0x5f5f63695f6c6173745f726567656e65726174657c693a313439363730313833383b),
('47ca03d2d60a4d7f2861e63c9b4748e4b1029dfa', '41.80.103.69', 1497079259, 0x5f5f63695f6c6173745f726567656e65726174657c693a313439373037393235393b757365725f736573737c613a313a7b733a363a22757365724964223b733a313a2232223b7d),
('4a49299213b7ac998f8bd14d7d6706fbf4e4ed03', '105.50.93.128', 1497021989, 0x5f5f63695f6c6173745f726567656e65726174657c693a313439373032313938393b757365725f736573737c613a313a7b733a363a22757365724964223b733a323a223236223b7d),
('4df8e6bb88974dac514751e64a0ecd85bee92283', '41.80.103.69', 1497082092, 0x5f5f63695f6c6173745f726567656e65726174657c693a313439373038323039323b757365725f736573737c613a313a7b733a363a22757365724964223b733a313a2232223b7d),
('4f13e30c25344f53d13def42097dd3f4eff6bb3e', '54.165.90.203', 1496997636, 0x5f5f63695f6c6173745f726567656e65726174657c693a313439363939373633363b),
('503c916a9906fe720f6443441b6b48910ddc4d66', '105.50.93.128', 1496988408, 0x5f5f63695f6c6173745f726567656e65726174657c693a313439363938383430353b),
('5056bd46dc0ef4ac0ff4b5a8e4cabbc49754271d', '141.8.143.210', 1497562337, 0x5f5f63695f6c6173745f726567656e65726174657c693a313439373536323333373b),
('51cc55557754a10210a0d0aaff72ef3223048265', '105.50.93.128', 1497019224, 0x5f5f63695f6c6173745f726567656e65726174657c693a313439373031393232343b),
('524e56fed433d17b70dc2b661201f38672513e54', '54.165.90.203', 1496983668, 0x5f5f63695f6c6173745f726567656e65726174657c693a313439363938333636383b),
('5470908f77d7cc35078b94c4bb8a6e308af21cb2', '54.165.90.203', 1496882849, 0x5f5f63695f6c6173745f726567656e65726174657c693a313439363838323834353b),
('547852781b8c6ce7e776d0a39d4ed308d66b8ff4', '105.50.93.128', 1497021831, 0x5f5f63695f6c6173745f726567656e65726174657c693a313439373032313833313b757365725f736573737c613a313a7b733a363a22757365724964223b733a323a223236223b7d),
('57a621556eae75a874cd02a170e0c4d15de5e892', '105.50.93.128', 1497021648, 0x5f5f63695f6c6173745f726567656e65726174657c693a313439373032313634383b757365725f736573737c613a313a7b733a363a22757365724964223b733a323a223236223b7d),
('58707b224b7693fc4a7c50840ccbdb2b4ad303d8', '54.165.90.203', 1497394475, 0x5f5f63695f6c6173745f726567656e65726174657c693a313439373339343437353b),
('59c2755b25c3b0c90533299a2c1c43f881cd79c4', '54.165.90.203', 1497625882, 0x5f5f63695f6c6173745f726567656e65726174657c693a313439373632353838323b),
('5df14834069937900e8f1b8804a9c4700c7211f4', '105.50.93.128', 1497025038, 0x5f5f63695f6c6173745f726567656e65726174657c693a313439373032353033383b757365725f736573737c613a313a7b733a363a22757365724964223b733a323a223236223b7d),
('5f9d5811b80bc94c459311d1b87d3dede8a348db', '41.89.96.58', 1497797860, 0x5f5f63695f6c6173745f726567656e65726174657c693a313439373739373538343b757365725f736573737c613a333a7b733a363a22757365724964223b693a32383b733a383a22757365726e616d65223b733a31353a2254657374696e672050617469656e74223b733a393a227573657267726f7570223b693a323b7d),
('606df65fcac7b65794deeb4f3bbb328f3e9ee2b1', '41.80.103.69', 1497081793, 0x5f5f63695f6c6173745f726567656e65726174657c693a313439373038313739333b757365725f736573737c613a313a7b733a363a22757365724964223b733a313a2232223b7d),
('616ab99b7a92172e58d3b133d833708dd524258c', '54.165.90.203', 1496829009, 0x5f5f63695f6c6173745f726567656e65726174657c693a313439363832393030393b),
('65c87bf9670f261099df662c1d454f1f02bf9088', '105.50.93.128', 1497018364, 0x5f5f63695f6c6173745f726567656e65726174657c693a313439373031383336343b),
('69fc57ce12e183441ecc60b8185d8a2f12d4fda4', '105.50.93.128', 1497018063, 0x5f5f63695f6c6173745f726567656e65726174657c693a313439373031383036333b),
('6b387d1135824d2634319be9050be6577269d4e9', '105.50.93.128', 1497018291, 0x5f5f63695f6c6173745f726567656e65726174657c693a313439373031383239313b),
('6e70971d66fc68dd4a5e1d660e62588274896041', '196.97.15.139', 1497088024, 0x5f5f63695f6c6173745f726567656e65726174657c693a313439373038383032343b),
('6ee43b4580003202a28b14b3db1e687a5d505948', '105.50.93.128', 1497022172, 0x5f5f63695f6c6173745f726567656e65726174657c693a313439373032323137323b),
('6fc8d58712ff7d04d6a45930fd7268702f5443c9', '105.160.120.121', 1497779296, 0x5f5f63695f6c6173745f726567656e65726174657c693a313439373737393238393b757365725f736573737c613a333a7b733a363a22757365724964223b733a323a223130223b733a383a22757365726e616d65223b733a343a224e554c4c223b733a393a227573657267726f7570223b733a313a2233223b7d737563636573737c733a33343a224170706f696e746d656e7420636f6e6669726d6564207375636365737366756c6c79223b5f5f63695f766172737c613a313a7b733a373a2273756363657373223b733a333a226f6c64223b7d),
('732ad4a087243f8d7bfd2b65ca7f6065dd60850b', '41.80.103.69', 1497081999, 0x5f5f63695f6c6173745f726567656e65726174657c693a313439373038313939393b757365725f736573737c613a313a7b733a363a22757365724964223b733a313a2232223b7d),
('783637928e1bc8f7c4edfa587458bdf549be7833', '105.50.93.128', 1497021558, 0x5f5f63695f6c6173745f726567656e65726174657c693a313439373032313535383b),
('7aa7451a46209c95f8873e7b1ef19463e9bce82b', '105.50.93.128', 1497018368, 0x5f5f63695f6c6173745f726567656e65726174657c693a313439373031383336383b),
('8178d2e337d7ebfe05c8be178952aa67e6ba86a8', '196.97.15.139', 1497088010, 0x5f5f63695f6c6173745f726567656e65726174657c693a313439373038383031303b),
('8181c32524518f1be2989fec42595cc5b084706e', '54.75.247.142', 1497779221, 0x5f5f63695f6c6173745f726567656e65726174657c693a313439373737393232313b),
('82b9d74da5384a99e9fd96ecb78c9c2808e09a78', '196.97.15.139', 1497088262, 0x5f5f63695f6c6173745f726567656e65726174657c693a313439373038383236323b),
('8371aadec7b8932489183cdaa681d0bcd9b00e92', '105.50.93.128', 1497033388, 0x5f5f63695f6c6173745f726567656e65726174657c693a313439373033333337373b757365725f736573737c613a333a7b733a363a22757365724964223b733a323a223236223b733a383a22757365726e616d65223b733a343a224e554c4c223b733a393a227573657267726f7570223b733a313a2232223b7d),
('83fcd871b3d9589114b0c892cf1c44f323480a6c', '41.80.103.69', 1497082146, 0x5f5f63695f6c6173745f726567656e65726174657c693a313439373038323134363b),
('86979f69289411a2846fef0bae131ae86f208415', '196.97.15.139', 1497091747, 0x5f5f63695f6c6173745f726567656e65726174657c693a313439373039313734373b757365725f736573737c613a313a7b733a363a22757365724964223b733a313a2232223b7d),
('87aed6f8d0e57877d02f8891e2343fee5ed2af3a', '196.97.15.139', 1497089699, 0x5f5f63695f6c6173745f726567656e65726174657c693a313439373038393639393b757365725f736573737c613a313a7b733a363a22757365724964223b733a323a223236223b7d),
('89f30a08f487c7a1378648b293fb935818d986d4', '128.69.221.186', 1497709834, 0x5f5f63695f6c6173745f726567656e65726174657c693a313439373730393833333b),
('8b2e3c22f566e1b0aeebee7163d9c6db89236668', '196.97.15.139', 1497091554, 0x5f5f63695f6c6173745f726567656e65726174657c693a313439373039313535343b),
('8b801096ab14f9dacb50fe3785b92125b26fd934', '54.165.90.203', 1497786482, 0x5f5f63695f6c6173745f726567656e65726174657c693a313439373738363438323b),
('8d9dcaf5e74894c644e4624d175c8afc088d6f79', '54.165.90.203', 1497624053, 0x5f5f63695f6c6173745f726567656e65726174657c693a313439373632343035333b),
('8dc9a2b8df15f31bdd332e573a47e354d8fe6988', '54.165.90.203', 1497625222, 0x5f5f63695f6c6173745f726567656e65726174657c693a313439373632353232323b),
('8ee6f1568336a1e21bc34e3ebfe0503594e04886', '105.50.93.128', 1497022660, 0x5f5f63695f6c6173745f726567656e65726174657c693a313439373032323636303b757365725f736573737c613a313a7b733a363a22757365724964223b733a323a223236223b7d),
('92854508a1f2493bb5409809c21be428ad5e4943', '105.50.93.128', 1497027096, 0x5f5f63695f6c6173745f726567656e65726174657c693a313439373032373039363b757365725f736573737c613a313a7b733a363a22757365724964223b733a313a2232223b7d),
('93eae6baefa3466ab61c3bdf09d556f775981930', '105.50.93.128', 1497027875, 0x5f5f63695f6c6173745f726567656e65726174657c693a313439373032373837353b757365725f736573737c613a313a7b733a363a22757365724964223b733a313a2232223b7d),
('954dd09eb0d42c9923f43b29cc00a3159f8338d3', '105.50.93.128', 1497020717, 0x5f5f63695f6c6173745f726567656e65726174657c693a313439373032303731373b757365725f736573737c613a313a7b733a363a22757365724964223b733a323a223236223b7d),
('95563cfc1466b465ad393090a72f10b9e202fa55', '105.50.93.128', 1497025974, 0x5f5f63695f6c6173745f726567656e65726174657c693a313439373032353937343b),
('9685601d5bf5fe86a1b7c785816f5c2f24089856', '105.60.157.99', 1496647398, 0x5f5f63695f6c6173745f726567656e65726174657c693a313439363634373231333b757365725f736573737c613a333a7b733a363a22757365724964223b733a323a223130223b733a383a22757365726e616d65223b733a343a224e554c4c223b733a393a227573657267726f7570223b733a313a2233223b7d),
('976f4db49e5d715a99d6390fefd6aa8a9f10b481', '41.80.103.69', 1497078148, 0x5f5f63695f6c6173745f726567656e65726174657c693a313439373037383134383b),
('9776e18a1289fe491c202fd652b92f7204269218', '41.80.103.69', 1497078505, 0x5f5f63695f6c6173745f726567656e65726174657c693a313439373037383530353b),
('98a5bb34c5e917048f53d7e854381155bcdf64e2', '176.195.166.113', 1497121665, 0x5f5f63695f6c6173745f726567656e65726174657c693a313439373132313636353b),
('9c3fa2ddc22d25798857b3e67372bec0862b0ef9', '196.97.15.139', 1497102055, 0x5f5f63695f6c6173745f726567656e65726174657c693a313439373130323035353b757365725f736573737c613a313a7b733a363a22757365724964223b733a313a2232223b7d),
('9ce1a002c9fc645083d1aad073422ec9adec0efc', '105.50.93.128', 1497025048, 0x5f5f63695f6c6173745f726567656e65726174657c693a313439373032353034383b757365725f736573737c613a313a7b733a363a22757365724964223b733a313a2232223b7d),
('9f4600714bb08df65e7282822fb34278b4f9f35c', '105.50.93.128', 1497021835, 0x5f5f63695f6c6173745f726567656e65726174657c693a313439373032313833353b),
('a370e0815f4b80de369b5ec67c063ff492d21fb9', '105.50.93.128', 1497027407, 0x5f5f63695f6c6173745f726567656e65726174657c693a313439373032373430373b757365725f736573737c613a313a7b733a363a22757365724964223b733a313a2232223b7d),
('a3db8a384fdbfb64448255f577726105a5565835', '41.80.103.69', 1497078897, 0x5f5f63695f6c6173745f726567656e65726174657c693a313439373037383839373b),
('a4739af0c753c9a2c1934321d04b133b6e6e4d32', '54.165.90.203', 1497097575, 0x5f5f63695f6c6173745f726567656e65726174657c693a313439373039373535303b),
('a772fc0ea00e9bce14a5d342719a58b7138bc176', '176.193.112.3', 1497438067, 0x5f5f63695f6c6173745f726567656e65726174657c693a313439373433383036373b),
('a9355821db823a081bbb6526318126a82425080e', '41.80.103.69', 1497082534, 0x5f5f63695f6c6173745f726567656e65726174657c693a313439373038323533343b757365725f736573737c613a313a7b733a363a22757365724964223b733a313a2232223b7d),
('b17a073e6f773623c5b9ec5fa24e5bd8a366a35c', '105.160.120.121', 1497779245, 0x5f5f63695f6c6173745f726567656e65726174657c693a313439373737383935373b757365725f736573737c613a333a7b733a363a22757365724964223b733a323a223236223b733a383a22757365726e616d65223b733a343a224e554c4c223b733a393a227573657267726f7570223b733a313a2232223b7d),
('b1d8e4210d6218d3c00fd3cc43d5b0d6f7e50be9', '41.80.103.69', 1497078847, 0x5f5f63695f6c6173745f726567656e65726174657c693a313439373037383834373b757365725f736573737c613a313a7b733a363a22757365724964223b733a323a223236223b7d),
('b2ebadea9193fbfee791b7a302a3034f1b10e1d0', '54.165.90.203', 1496975867, 0x5f5f63695f6c6173745f726567656e65726174657c693a313439363937353836363b),
('b4319a641667ca7e21a862bd6c4afa737e9dbddb', '105.50.93.128', 1497017975, 0x5f5f63695f6c6173745f726567656e65726174657c693a313439373031373937353b),
('ba8cd91018b24293e781afb4bb242205a2cd840b', '54.165.90.203', 1496831603, 0x5f5f63695f6c6173745f726567656e65726174657c693a313439363833313630333b),
('bf3ac27151d64f7319c3fd5b6be19501f7fa4fa7', '41.80.103.69', 1497078209, 0x5f5f63695f6c6173745f726567656e65726174657c693a313439373037383230393b),
('c0435fb2519d785000f734db69baa2cc788ed42e', '105.50.93.128', 1497017521, 0x5f5f63695f6c6173745f726567656e65726174657c693a313439373031373532313b),
('c3f0cc7379b033043c52961c466b2756aaf50221', '196.97.15.139', 1497091607, 0x5f5f63695f6c6173745f726567656e65726174657c693a313439373039313630373b757365725f736573737c613a313a7b733a363a22757365724964223b733a323a223230223b7d),
('c48dcb70b9ce1cab91978e6922f5ebd7c5b956ff', '41.89.96.58', 1497011733, 0x5f5f63695f6c6173745f726567656e65726174657c693a313439373031313732313b),
('c5ffceaa242c171837c790a169ba03c750445eb1', '41.80.103.69', 1497078127, 0x5f5f63695f6c6173745f726567656e65726174657c693a313439373037383132373b757365725f736573737c613a313a7b733a363a22757365724964223b733a313a2232223b7d),
('c96059c72fb334f08e5077e65aceb8cbcda0fbfe', '54.165.90.203', 1497095600, 0x5f5f63695f6c6173745f726567656e65726174657c693a313439373039353630303b),
('cc7a2eb24dcc541560dd3cbfb3807ac3e78833d3', '41.80.103.69', 1497078487, 0x5f5f63695f6c6173745f726567656e65726174657c693a313439373037383438373b),
('cc910db95cd00ede173a5375acf66e6f463162f8', '54.165.90.203', 1496693043, 0x5f5f63695f6c6173745f726567656e65726174657c693a313439363639333034323b),
('ce7925b38a281eff8c3e90eeea75f7b6f2055560', '46.188.107.88', 1497398929, 0x5f5f63695f6c6173745f726567656e65726174657c693a313439373339383932393b),
('d753dd153b7123561e5c67a25829f7da3d964fdc', '196.97.15.139', 1497087888, 0x5f5f63695f6c6173745f726567656e65726174657c693a313439373038373838383b757365725f736573737c613a313a7b733a363a22757365724964223b733a313a2232223b7d),
('d8de624205046111aef174c0e7ad3d51680b371b', '105.50.93.128', 1497023435, 0x5f5f63695f6c6173745f726567656e65726174657c693a313439373032333433353b757365725f736573737c613a313a7b733a363a22757365724964223b733a323a223236223b7d),
('dc4e8f9259bfbd4db90cb3597787f7bc45894277', '105.50.93.128', 1497027935, 0x5f5f63695f6c6173745f726567656e65726174657c693a313439373032373933353b757365725f736573737c613a313a7b733a363a22757365724964223b733a313a2232223b7d),
('de7647e527442b77552751965d0ed8dd337b1470', '105.50.93.128', 1497018037, 0x5f5f63695f6c6173745f726567656e65726174657c693a313439373031383033373b),
('de922e4635928603adeff2813a144eea58a70199', '105.50.93.128', 1497018815, 0x5f5f63695f6c6173745f726567656e65726174657c693a313439373031383831353b),
('e03f6fa312f9ec2dd83f5b0f88366c5d876d213d', '196.97.15.139', 1497089411, 0x5f5f63695f6c6173745f726567656e65726174657c693a313439373038393431313b757365725f736573737c613a313a7b733a363a22757365724964223b733a313a2232223b7d),
('e230409878224ca7dc97f2da7a441c79c448d65f', '105.160.120.121', 1497779547, 0x5f5f63695f6c6173745f726567656e65726174657c693a313439373737393236313b757365725f736573737c613a333a7b733a363a22757365724964223b733a323a223236223b733a383a22757365726e616d65223b733a343a224e554c4c223b733a393a227573657267726f7570223b733a313a2232223b7d),
('e274af1121bf780a3db057471b0436d62a1526e7', '41.80.103.69', 1497082240, 0x5f5f63695f6c6173745f726567656e65726174657c693a313439373038323234303b757365725f736573737c613a313a7b733a363a22757365724964223b733a313a2232223b7d),
('e60941ad7b8d5a359baa40d40454296cd10dd601', '105.50.93.128', 1497025080, 0x5f5f63695f6c6173745f726567656e65726174657c693a313439373032353038303b757365725f736573737c613a313a7b733a363a22757365724964223b733a323a223230223b7d),
('e6fcdc50369e82357594835f70c8c66d814f0202', '41.80.103.69', 1497081161, 0x5f5f63695f6c6173745f726567656e65726174657c693a313439373038313136313b757365725f736573737c613a313a7b733a363a22757365724964223b733a313a2232223b7d),
('e95f7cfb46b0d06662fabff544beaaa45f3865d1', '105.160.120.121', 1497779288, 0x5f5f63695f6c6173745f726567656e65726174657c693a313439373737383832323b757365725f736573737c613a333a7b733a363a22757365724964223b733a323a223130223b733a383a22757365726e616d65223b733a343a224e554c4c223b733a393a227573657267726f7570223b733a313a2233223b7d),
('ead47a96aa761fc2f75e1190a126c080c970b351', '105.50.93.128', 1497020771, 0x5f5f63695f6c6173745f726567656e65726174657c693a313439373032303737313b),
('ebbfd85ed7a13ad91a2db98e4ea1489e485f766b', '196.97.15.139', 1497089119, 0x5f5f63695f6c6173745f726567656e65726174657c693a313439373038393131393b757365725f736573737c613a313a7b733a363a22757365724964223b733a323a223236223b7d),
('ec34fe9113131641c6a5520de714f1d32e892911', '196.97.15.139', 1497102045, 0x5f5f63695f6c6173745f726567656e65726174657c693a313439373130323034353b),
('ec734c8f31b31302051f5273c9c5145bc39a3a16', '54.165.90.203', 1497188165, 0x5f5f63695f6c6173745f726567656e65726174657c693a313439373138383136353b),
('ef0cda8994c3fbaca268b821e43c01c7b5c0dffc', '105.50.93.128', 1497017582, 0x5f5f63695f6c6173745f726567656e65726174657c693a313439373031373538323b),
('f0a8faa0054002e3cebafe913486705cc83168d8', '41.80.103.69', 1497044736, 0x5f5f63695f6c6173745f726567656e65726174657c693a313439373034343733363b757365725f736573737c613a313a7b733a363a22757365724964223b733a313a2232223b7d),
('f0aa49570349b1a50cb68400e5c0e39b0676277b', '196.97.15.139', 1497102030, 0x5f5f63695f6c6173745f726567656e65726174657c693a313439373130323032393b),
('f3880fb0429668f801d5536c6f6951994b4a604b', '196.97.15.139', 1497087956, 0x5f5f63695f6c6173745f726567656e65726174657c693a313439373038373935363b),
('f3915aea3dfb47e043ebfffeff0e1b826205dbf8', '105.50.93.128', 1497021763, 0x5f5f63695f6c6173745f726567656e65726174657c693a313439373032313736333b757365725f736573737c613a313a7b733a363a22757365724964223b733a313a2232223b7d),
('f9c79a60a5f9d3c92951dfa4070f5ca735bde88a', '46.42.131.173', 1497208323, 0x5f5f63695f6c6173745f726567656e65726174657c693a313439373230383332323b),
('fc3e5e8acf33399d5809b26f630fa9b4c7f42855', '54.165.90.203', 1496695409, 0x5f5f63695f6c6173745f726567656e65726174657c693a313439363639353338323b),
('ff0defaebaa42a33299768917519867bfdd5e7e5', '41.80.103.69', 1497068793, 0x5f5f63695f6c6173745f726567656e65726174657c693a313439373036383739333b);

-- --------------------------------------------------------

--
-- Table structure for table `md_specialist`
--

CREATE TABLE IF NOT EXISTS `md_specialist` (
  `specialistId` int(11) NOT NULL,
  `userId` int(11) NOT NULL,
  `qualification` text NOT NULL,
  `displayName` varchar(30) NOT NULL,
  `registrationNumber` varchar(30) NOT NULL,
  `specialtyId` int(11) NOT NULL,
  `certificationId` int(11) NOT NULL,
  `facilityId` int(11) NOT NULL,
  `specialistStatus` int(1) NOT NULL DEFAULT '0',
  `doesCharge` tinyint(1) NOT NULL DEFAULT '0'
) ENGINE=InnoDB AUTO_INCREMENT=10 DEFAULT CHARSET=latin1 ROW_FORMAT=COMPACT;

--
-- Dumping data for table `md_specialist`
--

INSERT INTO `md_specialist` (`specialistId`, `userId`, `qualification`, `displayName`, `registrationNumber`, `specialtyId`, `certificationId`, `facilityId`, `specialistStatus`, `doesCharge`) VALUES
(5, 10, 'Medical KMTC and graduate degree at University of Nairobi', 'Dr. Moses Mwendwa', 'A213', 20, 1, 1, 0, 1),
(8, 20, 'This is a demo doctor profile', 'Dr John Kamau', 'IF1234', 21, 1, 2, 0, 0),
(9, 21, 'Just did my degree', 'Trial Doctor', 'GD342', 5, 0, 2, 0, 0);

-- --------------------------------------------------------

--
-- Table structure for table `md_specialist_insurance`
--

CREATE TABLE IF NOT EXISTS `md_specialist_insurance` (
  `specInsId` int(10) NOT NULL,
  `specialistId` int(10) NOT NULL,
  `insuranceId` int(10) NOT NULL,
  `specInsStatus` int(1) NOT NULL DEFAULT '1',
  `addesOn` timestamp NOT NULL DEFAULT CURRENT_TIMESTAMP
) ENGINE=InnoDB AUTO_INCREMENT=11 DEFAULT CHARSET=latin1 ROW_FORMAT=COMPACT;

--
-- Dumping data for table `md_specialist_insurance`
--

INSERT INTO `md_specialist_insurance` (`specInsId`, `specialistId`, `insuranceId`, `specInsStatus`, `addesOn`) VALUES
(8, 10, 1, 1, '2017-05-11 16:56:04'),
(9, 10, 2, 1, '2017-05-11 16:56:25'),
(10, 10, 3, 0, '2017-05-25 07:10:17');

-- --------------------------------------------------------

--
-- Table structure for table `md_specialty`
--

CREATE TABLE IF NOT EXISTS `md_specialty` (
  `specialtyId` int(11) NOT NULL,
  `sName` varchar(128) NOT NULL,
  `sStatus` int(1) NOT NULL DEFAULT '1'
) ENGINE=InnoDB AUTO_INCREMENT=26 DEFAULT CHARSET=latin1 ROW_FORMAT=COMPACT;

--
-- Dumping data for table `md_specialty`
--

INSERT INTO `md_specialty` (`specialtyId`, `sName`, `sStatus`) VALUES
(1, 'Anaesthesia', 1),
(2, 'Cardiothoracic Surgery', 1),
(3, 'Dermatology', 1),
(4, 'Ear Nose and Throat (ENT)', 1),
(5, 'Internal Medicine', 1),
(6, 'Microbiology', 1),
(7, 'Neurosurgery', 1),
(8, 'Obstetrics and Gynaecology', 1),
(9, 'Occupational Medicine', 1),
(10, 'Ophthalmology', 1),
(11, 'Orthopaedic Surgery', 1),
(12, 'Paediatrics and Child Health', 1),
(13, 'Palliative Medicine', 1),
(14, 'Pathology', 1),
(15, 'Psychiatry', 1),
(16, 'Plastic and Reconstructive Surgery', 1),
(17, 'Public Health', 1),
(18, 'Radiology', 1),
(19, 'Surgery', 1),
(20, 'Immunology', 1),
(21, 'Infectious Diseases', 1),
(22, 'Clinical Medical Genetics', 1),
(23, 'Emergency Medicine', 1),
(24, 'Opthalmology', 1),
(25, 'Dentist', 1);

-- --------------------------------------------------------

--
-- Table structure for table `md_symptoms`
--

CREATE TABLE IF NOT EXISTS `md_symptoms` (
  `symptomId` int(11) NOT NULL,
  `symptomName` varchar(30) NOT NULL,
  `addedOn` timestamp NOT NULL DEFAULT CURRENT_TIMESTAMP,
  `deleted` tinyint(1) NOT NULL DEFAULT '0'
) ENGINE=InnoDB AUTO_INCREMENT=97 DEFAULT CHARSET=latin1;

--
-- Dumping data for table `md_symptoms`
--

INSERT INTO `md_symptoms` (`symptomId`, `symptomName`, `addedOn`, `deleted`) VALUES
(2, 'Annual Pap Smear / GYN Exam', '2017-05-25 15:10:09', 0),
(3, 'Illness', '2017-05-25 15:10:09', 0),
(4, 'Annual Physical', '2017-05-25 15:10:09', 0),
(5, 'Prescription / Refill', '2017-05-25 15:10:09', 0),
(6, 'Acne', '2017-05-25 15:10:09', 0),
(7, 'Day Well-Baby Checkup', '2017-05-25 15:10:09', 0),
(8, 'ADD / ADHD / Hyperactive', '2017-05-25 15:10:09', 0),
(9, 'Abscess', '2017-05-25 15:10:09', 0),
(10, 'Allergic Cough', '2017-05-25 15:10:09', 0),
(11, 'Ankle Pain', '2017-05-25 15:10:09', 0),
(12, 'Ankle Problems', '2017-05-25 15:10:09', 0),
(13, 'Annual Check Up', '2017-05-25 15:10:09', 0),
(14, 'Anxiety', '2017-05-25 15:10:09', 0),
(15, 'Arthritis', '2017-05-25 15:10:09', 0),
(16, 'Asthma', '2017-05-25 15:10:09', 0),
(17, 'Back Pain', '2017-05-25 15:10:09', 0),
(18, 'Back Problems', '2017-05-25 15:10:09', 0),
(19, 'Bad breath/Halitosis', '2017-05-25 15:10:09', 0),
(20, 'Birth Control / Contraception', '2017-05-25 15:10:09', 0),
(21, 'Black Stool / Melena', '2017-05-25 15:10:09', 0),
(22, 'Bruise / Contusion', '2017-05-25 15:10:09', 0),
(23, 'Child with Fever', '2017-05-25 15:10:09', 0),
(24, 'Cold', '2017-05-25 15:10:09', 0),
(25, 'Cough', '2017-05-25 15:10:09', 0),
(26, 'Daytime Sleepiness ', '2017-05-25 15:10:09', 0),
(27, 'Depression', '2017-05-25 15:10:09', 0),
(28, 'Diabetes Blood Sugar Managemen', '2017-05-25 15:10:09', 0),
(29, 'Diabetes Consultation', '2017-05-25 15:10:09', 0),
(30, 'Diabetes Follow Up', '2017-05-25 15:10:09', 0),
(31, 'ECG / EKG', '2017-05-25 15:10:09', 0),
(32, 'Ear Infection', '2017-05-25 15:10:09', 0),
(33, 'Ear Wax Cleaning', '2017-05-25 15:10:09', 0),
(34, 'Eating Disorder', '2017-05-25 15:10:09', 0),
(35, 'Eczema', '2017-05-25 15:10:09', 0),
(36, 'Elbow Problems', '2017-05-25 15:10:09', 0),
(37, 'Emphysema', '2017-05-25 15:10:09', 0),
(38, 'Fever', '2017-05-25 15:10:09', 0),
(39, 'Flu', '2017-05-25 15:10:09', 0),
(40, 'Food Intolerance / Allergy', '2017-05-25 15:10:09', 0),
(41, 'Foot Pain', '2017-05-25 15:10:09', 0),
(42, 'Freezing of Warts', '2017-05-25 15:10:09', 0),
(43, 'Frequent Urination', '2017-05-25 15:10:09', 0),
(44, 'HIV / AIDS Consultation', '2017-05-25 15:10:09', 0),
(45, 'HIV Pre-Exposure Prophylaxis (', '2017-05-25 15:10:09', 0),
(46, 'Hair Loss', '2017-05-25 15:10:09', 0),
(47, 'Hand Problems', '2017-05-25 15:10:09', 0),
(48, 'Hearing Problems / Ringing in ', '2017-05-25 15:10:09', 0),
(49, 'Hepatitis C', '2017-05-25 15:10:09', 0),
(50, 'High Blood Pressure / Hyperten', '2017-05-25 15:10:09', 0),
(51, 'Hip Problems', '2017-05-25 15:10:09', 0),
(52, 'Hives', '2017-05-25 15:10:09', 0),
(53, 'Hoarseness / Voice Disorder', '2017-05-25 15:10:09', 0),
(54, 'Hospital Discharge/Follow Up', '2017-05-25 15:10:09', 0),
(55, 'Injury/Minor Laceration', '2017-05-25 15:10:09', 0),
(56, 'Interstitial Lung Disease', '2017-05-25 15:10:09', 0),
(57, 'Irritable Bowel Syndrome', '2017-05-25 15:10:09', 0),
(58, 'Joint Injection', '2017-05-25 15:10:09', 0),
(59, 'Knee Problems', '2017-05-25 15:10:09', 0),
(60, 'Migraine', '2017-05-25 15:10:09', 0),
(61, 'Muscle Strain', '2017-05-25 15:10:09', 0),
(62, 'Nail Removal', '2017-05-25 15:10:09', 0),
(63, 'Neck Pain', '2017-05-25 15:10:09', 0),
(64, 'Neck Problems', '2017-05-25 15:10:09', 0),
(65, 'Obesity / Weight Loss Consulta', '2017-05-25 15:10:09', 0),
(66, 'Pneumonia', '2017-05-25 15:10:09', 0),
(67, 'Postpartum Depression', '2017-05-25 15:10:09', 0),
(68, 'Pre-Surgery Checkup', '2017-05-25 15:10:09', 0),
(69, 'Pre-Travel Checkup', '2017-05-25 15:10:09', 0),
(70, 'Pre-Travel Consultation', '2017-05-25 15:10:09', 0),
(71, 'Prostate Cancer Screening', '2017-05-25 15:10:09', 0),
(72, 'Psoriasis', '2017-05-25 15:10:09', 0),
(73, 'Pulmonary Function Testing / S', '2017-05-25 15:10:09', 0),
(74, 'Pyelonephritis', '2017-05-25 15:10:09', 0),
(75, 'Quitting Smoking / Smoking Ces', '2017-05-25 15:10:09', 0),
(76, 'Screening for Disease / Preven', '2017-05-25 15:10:09', 0),
(77, 'Sexual Dysfunction / Painful S', '2017-05-25 15:10:09', 0),
(78, 'Sexually Transmitted Disease ', '2017-05-25 15:10:09', 0),
(79, 'Shoulder Problem', '2017-05-25 15:10:09', 0),
(80, 'Sinus Problems', '2017-05-25 15:10:09', 0),
(81, 'Skin Biopsy / Removal of Skin ', '2017-05-25 15:10:09', 0),
(82, 'Sleep Problems', '2017-05-25 15:10:09', 0),
(83, 'Sore Throat', '2017-05-25 15:10:09', 0),
(84, 'Sports Physical', '2017-05-25 15:10:09', 0),
(85, 'Suture Removal', '2017-05-25 15:10:09', 0),
(86, 'Swelling in Neck', '2017-05-25 15:10:09', 0),
(87, 'Thyroid Consultation', '2017-05-25 15:10:09', 0),
(88, 'Travel Medicine Consultation', '2017-05-25 15:10:09', 0),
(89, 'Urinary Tract Infection', '2017-05-25 15:10:09', 0),
(90, 'Vaginal Discharge / Infection', '2017-05-25 15:10:09', 0),
(91, 'Vertigo', '2017-05-25 15:10:09', 0),
(92, 'Wart Freezing', '2017-05-25 15:10:09', 0),
(93, 'Wart(s)', '2017-05-25 15:10:09', 0),
(94, 'Weight Loss Consultation', '2017-05-25 15:10:09', 0),
(95, 'Wound Care', '2017-05-25 15:10:09', 0),
(96, 'Wrist Problems', '2017-05-25 15:10:09', 0);

-- --------------------------------------------------------

--
-- Table structure for table `md_timeslot`
--

CREATE TABLE IF NOT EXISTS `md_timeslot` (
  `timeslotId` int(10) NOT NULL,
  `timeslotDate` varchar(128) NOT NULL,
  `timeslotTime` varchar(128) NOT NULL,
  `specialistId` int(10) NOT NULL,
  `timeslotStatus` tinyint(1) DEFAULT '1'
) ENGINE=InnoDB AUTO_INCREMENT=57 DEFAULT CHARSET=latin1 ROW_FORMAT=COMPACT;

--
-- Dumping data for table `md_timeslot`
--

INSERT INTO `md_timeslot` (`timeslotId`, `timeslotDate`, `timeslotTime`, `specialistId`, `timeslotStatus`) VALUES
(51, '05/29/2017', '04:00 PM', 20, 1),
(56, '06/18/2017', '12:44 PM', 10, 1);

-- --------------------------------------------------------

--
-- Table structure for table `md_user`
--

CREATE TABLE IF NOT EXISTS `md_user` (
  `userId` int(11) NOT NULL,
  `fullname` varchar(128) DEFAULT NULL,
  `gender` varchar(128) NOT NULL,
  `zipcode` varchar(128) NOT NULL,
  `email` varchar(128) NOT NULL,
  `mypassword` varchar(500) NOT NULL,
  `enpassword` text NOT NULL,
  `myphone` varchar(128) NOT NULL,
  `joindate` timestamp NOT NULL DEFAULT CURRENT_TIMESTAMP,
  `verified` tinyint(1) NOT NULL DEFAULT '0',
  `mystatus` tinyint(1) NOT NULL DEFAULT '0',
  `accountconfirm` tinyint(1) NOT NULL DEFAULT '0',
  `myavi` varchar(200) DEFAULT 'default_profile.png',
  `user_group` int(11) NOT NULL,
  `username` varchar(20) NOT NULL DEFAULT 'NULL'
) ENGINE=InnoDB AUTO_INCREMENT=29 DEFAULT CHARSET=latin1 ROW_FORMAT=COMPACT;

--
-- Dumping data for table `md_user`
--

INSERT INTO `md_user` (`userId`, `fullname`, `gender`, `zipcode`, `email`, `mypassword`, `enpassword`, `myphone`, `joindate`, `verified`, `mystatus`, `accountconfirm`, `myavi`, `user_group`, `username`) VALUES
(2, 'Crescent Muisu', 'M', 'Nairobi', 'muisume@gmail.com', '5c5c37f30f61e65d34eb6075da2f00cba85c2371', 'IjILLBYSZEpdTRVlJgyMfJ/MRpIlyy+DGuZYVhgnNioUbYIHoWHWYHIFDCX1iVpj1NVFi5tsk4iNlPmGJzJ8DQ==', '0704230735', '2017-03-31 17:47:41', 0, 1, 0, 'default_profile.png', 1, 'NULL'),
(10, 'Moses Mwendwa', 'M', 'Nairobi Upper Hill, Nairobi, Nairobi County, Kenya', 'moses@gmail.com', '5c5c37f30f61e65d34eb6075da2f00cba85c2371', 'GB9pQVSW8S/uRaMh3ETpqBoPK9hw/RUK6xSxTHZ3EQtQZoYNZfspMg3ndxeGAvLkUd6fWNP5LILiFTXTvvELoQ==', '0705357155', '2017-04-05 13:06:07', 1, 1, 0, '983035f3544d83d84ee560b86b833722.jpg', 3, 'NULL'),
(20, 'John Kamau', 'M', 'Nairobi', 'john@gmail.com', '5c5c37f30f61e65d34eb6075da2f00cba85c2371', 'aaJqeIZDNtUE7bX37aVDLWIM/h4rBwzSxYjgWO1ZqyTn2GPFFIkakrW/E0tLWksB9tSV4wOdQRDno8idPCWaOw==', '0705357155', '2017-05-02 11:20:10', 1, 1, 0, '3c3a73851e4b6d0406a453a77584e44b.jpg', 3, 'NULL'),
(21, 'Trial DOctor', 'M', 'Parklands, Nairobi, Nairobi County, Kenya', 'trialdoc@gmail.com', '5c5c37f30f61e65d34eb6075da2f00cba85c2371', 'sXgw/jVFSL5os0TamiXJXnLJHtxX9dVy/XaPDlX/OOf8Aq5t1YHuI9pf7vR4uJyzb3nbwbbSBYvUgIGnvJR9TQ==', '0798765342', '2017-05-02 12:11:15', 0, 1, 0, 'a75d54b754f09d036290abec0d42926c.png', 3, 'NULL'),
(22, 'Crescent Muisu', 'M', '', 'muisu@gmail.com', '5c5c37f30f61e65d34eb6075da2f00cba85c2371', 'om/8LtmPfyc+/6sKzZgRHXhFnt7TGxgg+4bH/kp60KdgguNV3QPWb1YQQZuSakYdoUbHnpi9a4IBNSzian4lcA==', '', '2017-05-02 12:14:37', 1, 1, 0, 'default_profile.png', 2, 'NULL'),
(23, 'Trial Patient', 'M', 'Nairobi', 'justpatient@gmail.com', '5c5c37f30f61e65d34eb6075da2f00cba85c2371', 'M9ogh+pF5Y4DB9dXfyv7KQciilVIz9MW1BM7ZvNsA+FOtS+NlS/nappdFM/oQDYUwCQEXZnQu19c0LFO/CVoOg==', '0719287937', '2017-05-03 11:18:50', 0, 1, 0, 'default_profile.png', 2, 'NULL'),
(24, 'Jose', 'M', 'Nakuru East, Nakuru, Nakuru County, Kenya', 'jose@gmail.com', '5c5c37f30f61e65d34eb6075da2f00cba85c2371', 'Vr9LqnUNW/6aLcs0xJ2z6m1q0gjnP/Wcgn/vzib65+BsDx7p4PItA7paRBmWF5/inyUEJVkdNuNgxHQcpar0+A==', '', '2017-05-04 13:40:54', 0, 1, 0, 'default_profile.png', 2, 'NULL'),
(25, 'Muisume', 'M', 'Nairobi kenya', 'crescent@gmail.com', '5c5c37f30f61e65d34eb6075da2f00cba85c2371', '7S+eK6JUnbdt2aRA5VGxAxXJocz4ax3/P62AUryQfvU+ewsebI9h/lQPCw83tHfa5pDQLGtCU39pavkO3Ow2ag==', '0704230734', '2017-05-15 15:43:04', 0, 1, 0, 'default_profile.png', 2, 'NULL'),
(26, 'Judy Maina', '', '', 'judy@gmail.com', '5c5c37f30f61e65d34eb6075da2f00cba85c2371', 'qJuZR2uA9JF8pl/bEkUMWjDVVujZuscWlrneoEWCN5X7j2oG8FEsBZEHREf0aPIfgwQiyQERjT7w0ZnEk6E8ag==', '', '2017-06-09 14:12:01', 0, 1, 0, 'default_profile.png', 2, 'NULL'),
(27, 'Testing App', '', '', 'testingapp@gmail.com', '5c5c37f30f61e65d34eb6075da2f00cba85c2371', 'JBhzVHQlkecsvjfyizY6PwlqNQnPvm68hBHfO/PpqwSV5ZaEfgX2AcRfS0nWsNz0mKj9MdD7DZYILAtc6Zb/VQ==', '', '2017-06-10 07:14:57', 0, 1, 0, 'default_profile.png', 2, 'NULL'),
(28, 'Testing Patient', 'M', '', 'hello@crescentke.com', '5c5c37f30f61e65d34eb6075da2f00cba85c2371', 'DwpvrDeGkWUWdigEnMtvU02VQzrrTwbZlN1fZ3d4m5eL1hx9rYgcTRD51JQG6Roml+nrXTaSiVIbwf3L1FEFEg==', '', '2017-06-18 14:53:51', 0, 1, 0, 'default_profile.png', 2, 'NULL');

-- --------------------------------------------------------

--
-- Table structure for table `md_user_group`
--

CREATE TABLE IF NOT EXISTS `md_user_group` (
  `user_group_id` int(11) NOT NULL,
  `group_name` varchar(128) NOT NULL,
  `created_by` int(11) NOT NULL,
  `update_time` timestamp NOT NULL DEFAULT CURRENT_TIMESTAMP
) ENGINE=InnoDB AUTO_INCREMENT=4 DEFAULT CHARSET=latin1 ROW_FORMAT=COMPACT;

--
-- Dumping data for table `md_user_group`
--

INSERT INTO `md_user_group` (`user_group_id`, `group_name`, `created_by`, `update_time`) VALUES
(1, 'System Administrator', 19, '2017-03-31 19:14:28'),
(2, 'Patient', 19, '2017-03-31 19:14:28'),
(3, 'Specialist', 19, '2017-03-31 19:14:28');

-- --------------------------------------------------------

--
-- Table structure for table `md_user_logs`
--

CREATE TABLE IF NOT EXISTS `md_user_logs` (
  `logId` int(11) NOT NULL,
  `userId` int(11) NOT NULL,
  `actor` int(11) NOT NULL,
  `logTime` timestamp NOT NULL DEFAULT CURRENT_TIMESTAMP,
  `logMessage` text NOT NULL,
  `logStatus` tinyint(1) NOT NULL DEFAULT '1'
) ENGINE=InnoDB AUTO_INCREMENT=398 DEFAULT CHARSET=latin1 ROW_FORMAT=COMPACT;

--
-- Dumping data for table `md_user_logs`
--

INSERT INTO `md_user_logs` (`logId`, `userId`, `actor`, `logTime`, `logMessage`, `logStatus`) VALUES
(1, 25, 25, '2017-05-15 15:43:04', 'Created a patient account', 1),
(2, 25, 25, '2017-05-15 16:02:51', 'Updated personal details', 1),
(3, 25, 25, '2017-05-15 16:03:23', 'Updated mobile details', 1),
(4, 25, 25, '2017-05-15 16:03:34', 'Logged out of the system', 1),
(5, 10, 10, '2017-05-15 16:03:39', 'Logged into the system', 1),
(6, 10, 10, '2017-05-15 16:03:50', 'Removed schedule ID: 43', 1),
(7, 10, 10, '2017-05-15 16:04:13', 'Removed schedule ID: 44', 1),
(8, 10, 10, '2017-05-15 16:04:15', 'Removed schedule ID: 45', 1),
(9, 10, 10, '2017-05-15 16:04:29', 'Added a schedule. ID: 46', 1),
(10, 23, 10, '2017-05-15 16:10:36', 'Rescheduled appointment ID: 1', 1),
(11, 23, 10, '2017-05-15 16:13:42', 'Cleared appointment ID: 1', 1),
(12, 23, 10, '2017-05-15 16:13:51', 'Confirmed appointment ID: 1', 1),
(13, 23, 10, '2017-05-15 16:14:10', 'Canceled appointment ID: 1', 1),
(14, 23, 10, '2017-05-15 16:14:11', 'Confirmed or reactivated appointment ID: 1', 1),
(15, 10, 10, '2017-05-15 16:14:20', 'Logged out of the system', 1),
(16, 10, 10, '2017-05-15 16:14:20', 'Logged out of the system', 1),
(17, 2, 2, '2017-05-15 16:15:02', 'Logged into the system', 1),
(18, 10, 2, '2017-05-15 16:22:09', 'Disabled user account ID: 10', 1),
(19, 10, 2, '2017-05-15 16:22:14', 'Activated user account ID: 10', 1),
(20, 10, 2, '2017-05-15 16:22:20', 'Deleted user account ID: 10', 1),
(21, 10, 2, '2017-05-15 16:22:27', 'Activated user account ID: 10', 1),
(22, 2, 2, '2017-05-15 16:22:42', 'Added insurance cover ID: 3', 1),
(23, 2, 2, '2017-05-15 16:56:02', 'Logged into the system', 1),
(24, 2, 2, '2017-05-15 16:56:24', 'Logged out of the system', 1),
(25, 2, 2, '2017-05-15 16:56:34', 'Logged into the system', 1),
(26, 24, 24, '2017-05-16 05:59:52', 'Logged into the system', 1),
(27, 24, 24, '2017-05-16 06:14:50', 'Logged out of the system', 1),
(28, 10, 10, '2017-05-16 06:15:15', 'Logged into the system', 1),
(29, 10, 10, '2017-05-16 06:15:47', 'Logged out of the system', 1),
(30, 2, 2, '2017-05-16 06:16:16', 'Logged into the system', 1),
(31, 2, 2, '2017-05-16 06:30:46', 'Logged out of the system', 1),
(32, 2, 2, '2017-05-16 06:30:53', 'Logged into the system', 1),
(33, 2, 2, '2017-05-16 06:30:57', 'Logged out of the system', 1),
(34, 2, 2, '2017-05-16 06:31:05', 'Logged into the system', 1),
(35, 2, 2, '2017-05-16 06:39:15', 'Logged out of the system', 1),
(36, 23, 23, '2017-05-16 15:03:25', 'Logged into the system', 1),
(37, 23, 23, '2017-05-16 15:38:15', 'Logged out of the system', 1),
(38, 10, 10, '2017-05-16 15:38:22', 'Logged into the system', 1),
(39, 10, 10, '2017-05-16 15:39:12', 'Logged out of the system', 1),
(40, 23, 23, '2017-05-16 15:40:38', 'Logged into the system', 1),
(41, 23, 23, '2017-05-16 15:42:43', 'Logged out of the system', 1),
(42, 10, 10, '2017-05-16 15:42:53', 'Logged into the system', 1),
(43, 10, 10, '2017-05-16 15:44:55', 'Added billing details', 1),
(44, 10, 10, '2017-05-16 15:44:58', 'Logged out of the system', 1),
(45, 23, 23, '2017-05-16 15:45:07', 'Logged into the system', 1),
(46, 23, 23, '2017-05-16 15:49:23', 'Reserved appointment with doctor: 10', 1),
(47, 23, 23, '2017-05-16 16:12:15', 'Reserved appointment with doctor: 10', 1),
(48, 23, 23, '2017-05-16 16:23:14', 'Reserved appointment with doctor: 10', 1),
(49, 23, 23, '2017-05-16 16:23:14', 'Reserved appointment with doctor: 10', 1),
(50, 23, 23, '2017-05-16 16:23:16', 'Reserved appointment with doctor: 10', 1),
(51, 23, 23, '2017-05-16 16:23:18', 'Reserved appointment with doctor: 10', 1),
(52, 23, 23, '2017-05-16 16:23:25', 'Reserved appointment with doctor: 10', 1),
(53, 23, 23, '2017-05-16 16:23:45', 'Reserved appointment with doctor: 10', 1),
(54, 23, 23, '2017-05-16 16:45:44', 'Reserved appointment with doctor: 10', 1),
(55, 23, 23, '2017-05-17 08:41:41', 'Logged into the system', 1),
(56, 23, 23, '2017-05-17 08:44:06', 'Reserved appointment with doctor: 10', 1),
(57, 23, 23, '2017-05-17 08:46:51', 'Logged out of the system', 1),
(58, 10, 10, '2017-05-17 08:47:00', 'Logged into the system', 1),
(59, 23, 10, '2017-05-17 08:50:43', 'Confirmed or reactivated appointment ID: 2', 1),
(60, 23, 10, '2017-05-17 08:50:47', 'Canceled appointment ID: 2', 1),
(61, 10, 10, '2017-05-17 09:52:02', 'Logged out of the system', 1),
(62, 2, 2, '2017-05-17 09:52:10', 'Logged into the system', 1),
(63, 2, 2, '2017-05-17 10:28:39', 'Logged out of the system', 1),
(64, 23, 23, '2017-05-17 10:28:45', 'Logged into the system', 1),
(65, 23, 23, '2017-05-17 10:29:19', 'Logged out of the system', 1),
(66, 10, 10, '2017-05-17 10:29:31', 'Logged into the system', 1),
(67, 10, 10, '2017-05-17 10:38:57', 'Removed schedule ID: 46', 1),
(68, 10, 10, '2017-05-17 10:38:59', 'Removed schedule ID: 47', 1),
(69, 10, 10, '2017-05-17 10:39:11', 'Added a schedule. ID: 48', 1),
(70, 10, 10, '2017-05-17 10:40:08', 'Logged out of the system', 1),
(71, 23, 23, '2017-05-17 10:40:16', 'Logged into the system', 1),
(72, 23, 23, '2017-05-17 10:40:31', 'Reserved appointment with doctor: 10', 1),
(73, 23, 23, '2017-05-17 10:40:35', 'Logged out of the system', 1),
(74, 10, 10, '2017-05-17 10:40:41', 'Logged into the system', 1),
(75, 10, 10, '2017-05-17 10:43:06', 'Logged out of the system', 1),
(76, 23, 23, '2017-05-17 10:43:15', 'Logged into the system', 1),
(77, 23, 23, '2017-05-17 10:43:38', 'Reserved appointment with doctor: 10', 1),
(78, 23, 23, '2017-05-17 10:43:47', 'Logged out of the system', 1),
(79, 10, 10, '2017-05-17 10:43:54', 'Logged into the system', 1),
(80, 10, 10, '2017-05-17 10:45:55', 'Logged out of the system', 1),
(81, 23, 23, '2017-05-17 10:46:09', 'Logged into the system', 1),
(82, 23, 23, '2017-05-17 10:46:31', 'Reserved appointment with doctor: 10', 1),
(83, 23, 23, '2017-05-17 10:46:36', 'Reserved appointment with doctor: 10', 1),
(84, 23, 23, '2017-05-17 10:46:37', 'Reserved appointment with doctor: 10', 1),
(85, 23, 23, '2017-05-17 10:46:38', 'Reserved appointment with doctor: 10', 1),
(86, 23, 23, '2017-05-17 10:46:39', 'Reserved appointment with doctor: 10', 1),
(87, 23, 23, '2017-05-17 10:46:49', 'Reserved appointment with doctor: 10', 1),
(88, 23, 23, '2017-05-17 10:47:48', 'Reserved appointment with doctor: 10', 1),
(89, 23, 23, '2017-05-17 10:48:02', 'Logged out of the system', 1),
(90, 10, 10, '2017-05-17 10:48:08', 'Logged into the system', 1),
(91, 10, 10, '2017-05-17 10:50:29', 'Logged out of the system', 1),
(92, 23, 23, '2017-05-17 10:50:37', 'Logged into the system', 1),
(93, 23, 23, '2017-05-17 10:50:48', 'Reserved appointment with doctor: 10', 1),
(94, 23, 23, '2017-05-17 10:51:03', 'Logged out of the system', 1),
(95, 10, 10, '2017-05-17 10:51:09', 'Logged into the system', 1),
(96, 23, 23, '2017-05-17 11:52:44', 'Logged into the system', 1),
(97, 23, 23, '2017-05-17 11:53:01', 'Reserved appointment with doctor: 10', 1),
(98, 10, 10, '2017-05-17 12:06:21', 'Logged out of the system', 1),
(99, 23, 23, '2017-05-17 12:36:21', 'Logged out of the system', 1),
(100, 10, 10, '2017-05-17 12:36:31', 'Logged into the system', 1),
(101, 10, 10, '2017-05-17 12:41:56', 'Updated proffessional details', 1),
(102, 2, 2, '2017-05-17 12:47:58', 'Logged into the system', 1),
(103, 10, 10, '2017-05-17 12:53:20', 'Updated proffessional details', 1),
(104, 2, 2, '2017-05-17 13:26:03', 'Added a certification board ID: 1', 1),
(105, 10, 2, '2017-05-17 13:40:25', 'Updated username for account ID: 10', 1),
(106, 10, 2, '2017-05-17 13:40:49', 'Updated username for account ID: 10', 1),
(107, 10, 2, '2017-05-17 13:40:49', 'Verified details for account ID: 10', 1),
(108, 10, 2, '2017-05-17 13:40:54', 'Updated username for account ID: 10', 1),
(109, 10, 2, '2017-05-17 13:40:54', 'Verified details for account ID: 10', 1),
(110, 10, 2, '2017-05-17 13:41:11', 'Updated username for account ID: 10', 1),
(111, 10, 2, '2017-05-17 13:41:11', 'Verified details for account ID: 10', 1),
(112, 10, 2, '2017-05-17 13:41:24', 'Updated username for account ID: 10', 1),
(113, 10, 2, '2017-05-17 13:41:24', 'Verified details for account ID: 10', 1),
(114, 10, 2, '2017-05-17 13:41:36', 'Updated username for account ID: 10', 1),
(115, 10, 2, '2017-05-17 13:41:36', 'Verified details for account ID: 10', 1),
(116, 10, 2, '2017-05-17 13:42:23', 'Updated username for account ID: 10', 1),
(117, 10, 2, '2017-05-17 13:42:23', 'Verified details for account ID: 10', 1),
(118, 10, 2, '2017-05-17 13:42:47', 'Updated username for account ID: 10', 1),
(119, 10, 2, '2017-05-17 13:42:47', 'Verified details for account ID: 10', 1),
(120, 10, 2, '2017-05-17 13:42:50', 'Updated username for account ID: 10', 1),
(121, 10, 2, '2017-05-17 13:42:50', 'Verified details for account ID: 10', 1),
(122, 10, 2, '2017-05-17 13:42:54', 'Updated username for account ID: 10', 1),
(123, 10, 2, '2017-05-17 13:42:54', 'Verified details for account ID: 10', 1),
(124, 10, 2, '2017-05-17 13:43:55', 'Updated username for account ID: 10', 1),
(125, 10, 2, '2017-05-17 13:43:55', 'Verified details for account ID: 10', 1),
(126, 10, 2, '2017-05-17 13:44:05', 'Updated username for account ID: 10', 1),
(127, 10, 2, '2017-05-17 13:44:05', 'Verified details for account ID: 10', 1),
(128, 10, 2, '2017-05-17 13:48:09', 'Updated username for account ID: 10', 1),
(129, 10, 2, '2017-05-17 13:48:09', 'Verified details for account ID: 10', 1),
(130, 10, 2, '2017-05-17 13:48:14', 'Updated username for account ID: 10', 1),
(131, 10, 2, '2017-05-17 13:48:14', 'Verified details for account ID: 10', 1),
(132, 10, 2, '2017-05-17 13:51:00', 'Disabled user account ID: 10', 1),
(133, 10, 2, '2017-05-17 13:51:03', 'Activated user account ID: 10', 1),
(134, 10, 2, '2017-05-17 13:51:04', 'Deleted user account ID: 10', 1),
(135, 10, 2, '2017-05-17 13:51:06', 'Activated user account ID: 10', 1),
(136, 10, 10, '2017-05-17 13:58:26', 'Logged out of the system', 1),
(137, 10, 2, '2017-05-17 14:25:48', 'Disabled user account ID: 10', 1),
(138, 20, 2, '2017-05-17 14:25:55', 'Disabled user account ID: 20', 1),
(139, 10, 2, '2017-05-17 14:41:34', 'Updated username for account ID: 10', 1),
(140, 10, 2, '2017-05-17 14:41:34', 'Verified details for account ID: 10', 1),
(141, 10, 2, '2017-05-17 14:42:25', 'Updated username for account ID: 10', 1),
(142, 10, 2, '2017-05-17 14:42:25', 'Verified details for account ID: 10', 1),
(143, 10, 2, '2017-05-17 14:44:20', 'Activated user account ID: 10', 1),
(144, 10, 2, '2017-05-17 14:44:21', 'Disabled user account ID: 10', 1),
(145, 10, 2, '2017-05-17 14:44:22', 'Deleted user account ID: 10', 1),
(146, 10, 2, '2017-05-17 14:44:24', 'Activated user account ID: 10', 1),
(147, 10, 2, '2017-05-17 14:58:16', 'Disabled user account ID: 10', 1),
(148, 10, 2, '2017-05-17 14:58:18', 'Activated user account ID: 10', 1),
(149, 10, 2, '2017-05-17 14:58:25', 'Updated username for account ID: 10', 1),
(150, 10, 2, '2017-05-17 14:58:25', 'Verified details for account ID: 10', 1),
(151, 2, 2, '2017-05-17 15:04:35', 'Logged out of the system', 1),
(152, 2, 2, '2017-05-17 15:04:46', 'Logged into the system', 1),
(153, 2, 2, '2017-05-17 15:04:57', 'Logged out of the system', 1),
(154, 23, 23, '2017-05-17 15:05:07', 'Logged into the system', 1),
(155, 23, 23, '2017-05-17 15:13:07', 'Logged out of the system', 1),
(156, 10, 10, '2017-05-17 17:42:49', 'Logged into the system', 1),
(157, 23, 23, '2017-05-17 17:57:51', 'Logged into the system', 1),
(158, 23, 23, '2017-05-17 17:58:00', 'Reserved appointment with doctor: 10', 1),
(159, 23, 23, '2017-05-18 08:26:11', 'Logged into the system', 1),
(160, 23, 23, '2017-05-18 08:26:16', 'Reserved appointment with doctor: 10', 1),
(161, 23, 23, '2017-05-18 08:26:17', 'Reserved appointment with doctor: 10', 1),
(162, 23, 23, '2017-05-18 08:26:34', 'Reserved appointment with doctor: 10', 1),
(163, 23, 23, '2017-05-18 08:27:41', 'Reserved appointment with doctor: 10', 1),
(164, 23, 23, '2017-05-18 08:27:59', 'Reserved appointment with doctor: 10', 1),
(165, 23, 23, '2017-05-18 11:14:03', 'Logged out of the system', 1),
(166, 2, 2, '2017-05-18 11:14:22', 'Logged into the system', 1),
(167, 2, 2, '2017-05-19 14:30:28', 'Logged into the system', 1),
(168, 10, 10, '2017-05-19 14:40:10', 'Logged into the system', 1),
(169, 10, 10, '2017-05-21 14:02:51', 'Logged into the system', 1),
(170, 10, 10, '2017-05-21 14:21:43', 'Updated personal details', 1),
(171, 10, 10, '2017-05-21 14:22:16', 'Logged out of the system', 1),
(172, 21, 21, '2017-05-21 15:18:35', 'Logged into the system', 1),
(173, 21, 21, '2017-05-21 15:19:04', 'Updated personal details', 1),
(174, 21, 21, '2017-05-21 15:19:29', 'Updated proffessional details', 1),
(175, 21, 21, '2017-05-21 15:19:33', 'Logged out of the system', 1),
(176, 10, 10, '2017-05-21 15:20:51', 'Logged into the system', 1),
(177, 10, 10, '2017-05-21 15:21:03', 'Added a schedule. ID: 49', 1),
(178, 10, 10, '2017-05-21 15:21:08', 'Logged out of the system', 1),
(179, 24, 24, '2017-05-21 15:21:34', 'Logged into the system', 1),
(180, 24, 24, '2017-05-21 15:22:05', 'Reserved appointment with doctor: 10', 1),
(181, 10, 10, '2017-05-24 12:17:25', 'Logged into the system', 1),
(182, 10, 10, '2017-05-24 12:17:47', 'Updated personal details', 1),
(183, 10, 10, '2017-05-24 12:17:53', 'Logged out of the system', 1),
(184, 2, 2, '2017-05-24 17:04:29', 'Logged into the system', 1),
(185, 10, 10, '2017-05-25 07:02:00', 'Logged into the system', 1),
(186, 10, 10, '2017-05-25 07:04:51', 'Removed schedule ID: 48', 1),
(187, 24, 10, '2017-05-25 07:07:52', 'Confirmed or reactivated appointment ID: 29', 1),
(188, 10, 10, '2017-05-25 07:09:19', 'Updated billing details', 1),
(189, 10, 10, '2017-05-25 07:10:17', 'Accepted insurance cover ID: 3', 1),
(190, 10, 10, '2017-05-25 07:10:44', 'Updated proffessional details', 1),
(191, 23, 10, '2017-05-25 07:11:22', 'Canceled appointment ID: 21', 1),
(192, 10, 10, '2017-05-25 07:14:19', 'Logged out of the system', 1),
(193, 2, 2, '2017-05-25 07:14:26', 'Logged into the system', 1),
(194, 20, 2, '2017-05-25 08:11:30', 'Activated user account ID: 20', 1),
(195, 2, 2, '2017-05-25 08:35:54', 'Logged out of the system', 1),
(196, 10, 10, '2017-05-25 08:36:01', 'Logged into the system', 1),
(197, 10, 10, '2017-05-25 08:36:12', 'Removed schedule ID: 49', 1),
(198, 23, 10, '2017-05-25 08:36:25', 'Confirmed or reactivated appointment ID: 23', 1),
(199, 23, 10, '2017-05-25 08:36:30', 'Canceled appointment ID: 23', 1),
(200, 10, 10, '2017-05-25 08:36:38', 'Removed insurance cover ID: 1', 1),
(201, 10, 10, '2017-05-25 08:39:44', 'Logged out of the system', 1),
(202, 2, 2, '2017-05-25 08:39:52', 'Logged into the system', 1),
(203, 2, 2, '2017-05-25 08:48:37', 'Logged out of the system', 1),
(204, 2, 2, '2017-05-25 08:49:07', 'Logged into the system', 1),
(205, 2, 2, '2017-05-25 08:49:10', 'Logged out of the system', 1),
(206, 2, 2, '2017-05-25 08:50:11', 'Logged into the system', 1),
(207, 2, 2, '2017-05-25 08:50:13', 'Logged out of the system', 1),
(208, 23, 23, '2017-05-25 08:51:44', 'Logged into the system', 1),
(209, 23, 23, '2017-05-25 08:51:47', 'Logged out of the system', 1),
(210, 2, 2, '2017-05-25 08:51:53', 'Logged into the system', 1),
(211, 2, 2, '2017-05-25 08:51:59', 'Logged out of the system', 1),
(212, 10, 10, '2017-05-25 08:52:13', 'Logged into the system', 1),
(213, 10, 10, '2017-05-25 08:58:38', 'Added a schedule. ID: 50', 1),
(214, 10, 10, '2017-05-25 08:58:51', 'Logged out of the system', 1),
(215, 23, 23, '2017-05-25 08:58:58', 'Logged into the system', 1),
(216, 23, 23, '2017-05-25 08:59:09', 'Reserved appointment with doctor: 10', 1),
(217, 23, 23, '2017-05-25 08:59:18', 'Logged out of the system', 1),
(218, 10, 10, '2017-05-25 08:59:23', 'Logged into the system', 1),
(219, 10, 10, '2017-05-25 09:04:47', 'Logged out of the system', 1),
(220, 10, 10, '2017-05-25 09:04:53', 'Logged into the system', 1),
(221, 10, 10, '2017-05-25 09:05:09', 'Logged out of the system', 1),
(222, 2, 2, '2017-05-25 09:05:14', 'Logged into the system', 1),
(223, 2, 2, '2017-05-25 09:06:54', 'Logged out of the system', 1),
(224, 10, 10, '2017-05-25 09:07:00', 'Logged into the system', 1),
(225, 10, 10, '2017-05-25 09:08:57', 'Logged out of the system', 1),
(226, 2, 2, '2017-05-25 09:09:01', 'Logged into the system', 1),
(227, 2, 2, '2017-05-25 09:11:49', 'Logged out of the system', 1),
(228, 2, 2, '2017-05-25 09:16:55', 'Logged into the system', 1),
(229, 2, 2, '2017-05-25 09:17:45', 'Logged out of the system', 1),
(230, 23, 23, '2017-05-25 09:18:02', 'Logged into the system', 1),
(231, 23, 23, '2017-05-25 09:22:43', 'Logged out of the system', 1),
(232, 2, 2, '2017-05-25 09:22:49', 'Logged into the system', 1),
(233, 2, 2, '2017-05-25 09:24:19', 'Logged out of the system', 1),
(234, 10, 10, '2017-05-25 09:24:26', 'Logged into the system', 1),
(235, 10, 10, '2017-05-25 09:24:41', 'Removed insurance cover ID: 1', 1),
(236, 23, 23, '2017-05-25 15:17:03', 'Logged into the system', 1),
(237, 10, 10, '2017-05-25 15:26:51', 'Logged into the system', 1),
(238, 10, 10, '2017-05-25 15:27:01', 'Removed insurance cover ID: 1', 1),
(239, 10, 10, '2017-05-25 15:27:02', 'Removed insurance cover ID: 2', 1),
(240, 10, 10, '2017-05-25 15:28:41', 'Removed insurance cover ID: 1', 1),
(241, 10, 10, '2017-05-25 15:28:45', 'Removed insurance cover ID: 3', 1),
(242, 23, 23, '2017-05-26 12:36:38', 'Logged into the system', 1),
(243, 23, 23, '2017-05-26 13:30:17', 'Reserved appointment with doctor: 10', 1),
(244, 10, 10, '2017-05-27 13:04:23', 'Logged into the system', 1),
(245, 10, 10, '2017-05-27 13:06:47', 'Logged out of the system', 1),
(246, 2, 2, '2017-05-27 13:07:00', 'Logged into the system', 1),
(247, 2, 2, '2017-05-27 22:16:17', 'Logged into the system', 1),
(248, 2, 2, '2017-05-28 11:09:25', 'Logged into the system', 1),
(249, 2, 2, '2017-05-29 08:54:20', 'Logged into the system', 1),
(250, 23, 23, '2017-05-29 09:20:51', 'Logged into the system', 1),
(251, 23, 23, '2017-05-29 09:21:31', 'Reserved appointment with doctor: 10', 1),
(252, 23, 23, '2017-05-29 09:29:46', 'Reserved appointment with doctor: 10', 1),
(253, 20, 2, '2017-05-29 12:46:30', 'Updated username for account ID: 20', 1),
(254, 20, 2, '2017-05-29 12:46:30', 'Verified details for account ID: 20', 1),
(255, 20, 2, '2017-05-29 12:46:34', 'Updated username for account ID: 20', 1),
(256, 20, 2, '2017-05-29 12:46:34', 'Verified details for account ID: 20', 1),
(257, 20, 20, '2017-05-29 12:47:07', 'Logged into the system', 1),
(258, 20, 20, '2017-05-29 12:47:43', 'Added a schedule. ID: 51', 1),
(259, 20, 20, '2017-05-29 12:47:51', 'Logged out of the system', 1),
(260, 22, 2, '2017-05-29 12:48:12', 'Updated username for account ID: 22', 1),
(261, 22, 2, '2017-05-29 12:48:12', 'Verified details for account ID: 22', 1),
(262, 22, 22, '2017-05-29 12:48:25', 'Logged into the system', 1),
(263, 22, 22, '2017-05-29 12:49:24', 'Reserved appointment with doctor: 20', 1),
(264, 22, 22, '2017-05-29 12:58:56', 'Logged out of the system', 1),
(265, 20, 20, '2017-05-29 12:59:07', 'Logged into the system', 1),
(266, 20, 20, '2017-05-29 13:45:02', 'Logged out of the system', 1),
(267, 22, 22, '2017-05-29 13:45:14', 'Logged into the system', 1),
(268, 2, 2, '2017-05-29 17:04:35', 'Logged into the system', 1),
(269, 22, 22, '2017-05-29 17:22:03', 'Logged into the system', 1),
(270, 22, 22, '2017-05-29 17:22:23', 'Reserved appointment with doctor: 20', 1),
(271, 22, 22, '2017-05-29 17:55:14', 'Logged out of the system', 1),
(272, 24, 24, '2017-05-29 19:46:51', 'Logged into the system', 1),
(273, 24, 24, '2017-05-29 19:47:27', 'Reserved appointment with doctor: 20', 1),
(274, 24, 24, '2017-05-29 19:47:53', 'Reserved appointment with doctor: 20', 1),
(275, 24, 24, '2017-05-29 19:48:08', 'Reserved appointment with doctor: 20', 1),
(276, 2, 2, '2017-05-30 07:33:27', 'Logged into the system', 1),
(277, 2, 2, '2017-05-30 07:33:31', 'Logged out of the system', 1),
(278, 10, 10, '2017-05-30 07:33:37', 'Logged into the system', 1),
(279, 10, 10, '2017-05-30 07:34:11', 'Added a schedule. ID: 52', 1),
(280, 10, 10, '2017-05-30 07:34:15', 'Removed schedule ID: 50', 1),
(281, 10, 10, '2017-05-30 07:34:18', 'Logged out of the system', 1),
(282, 24, 24, '2017-05-30 07:34:30', 'Logged into the system', 1),
(283, 2, 2, '2017-05-30 13:56:59', 'Logged into the system', 1),
(284, 2, 2, '2017-05-30 13:58:47', 'Logged out of the system', 1),
(285, 24, 24, '2017-05-30 13:58:55', 'Logged into the system', 1),
(286, 24, 24, '2017-05-30 13:59:17', 'Logged out of the system', 1),
(287, 10, 10, '2017-05-30 13:59:23', 'Logged into the system', 1),
(288, 10, 10, '2017-05-30 13:59:35', 'Updated billing details', 1),
(289, 10, 10, '2017-05-30 13:59:38', 'Logged out of the system', 1),
(290, 24, 24, '2017-05-30 13:59:46', 'Logged into the system', 1),
(291, 24, 24, '2017-05-30 15:46:37', 'Reserved appointment with doctor: 10', 1),
(292, 24, 24, '2017-05-30 16:30:26', 'Reserved appointment with doctor: 10', 1),
(293, 24, 24, '2017-05-30 16:31:32', 'Reserved appointment with doctor: 10', 1),
(294, 24, 24, '2017-05-30 16:33:21', 'Reserved appointment with doctor: 10', 1),
(295, 10, 10, '2017-05-31 07:25:18', 'Logged into the system', 1),
(296, 10, 10, '2017-05-31 07:25:34', 'Added a schedule. ID: 53', 1),
(297, 10, 10, '2017-05-31 07:25:37', 'Removed schedule ID: 52', 1),
(298, 10, 10, '2017-05-31 07:25:39', 'Logged out of the system', 1),
(299, 24, 24, '2017-05-31 07:25:46', 'Logged into the system', 1),
(300, 24, 24, '2017-05-31 07:26:00', 'Reserved appointment with doctor: 10', 1),
(301, 24, 24, '2017-05-31 09:05:35', 'Logged out of the system', 1),
(302, 10, 10, '2017-05-31 09:05:44', 'Logged into the system', 1),
(303, 10, 10, '2017-05-31 09:16:13', 'Logged out of the system', 1),
(304, 23, 23, '2017-05-31 09:16:24', 'Logged into the system', 1),
(305, 23, 23, '2017-05-31 09:16:30', 'Logged out of the system', 1),
(306, 24, 24, '2017-05-31 09:16:35', 'Logged into the system', 1),
(307, 24, 24, '2017-05-31 09:53:07', 'Logged out of the system', 1),
(308, 10, 10, '2017-05-31 09:53:13', 'Logged into the system', 1),
(309, 10, 10, '2017-05-31 12:02:20', 'Logged into the system', 1),
(310, 10, 10, '2017-05-31 12:02:55', 'Logged into the system', 1),
(311, 10, 10, '2017-05-31 12:31:56', 'Logged into the system', 1),
(312, 10, 10, '2017-05-31 12:31:59', 'Logged out of the system', 1),
(313, 10, 10, '2017-05-31 12:32:12', 'Logged into the system', 1),
(314, 10, 10, '2017-05-31 14:46:13', 'Reserved appointment with doctor: 10', 1),
(315, 10, 10, '2017-06-01 08:50:23', 'Logged into the system', 1),
(316, 10, 10, '2017-06-01 08:50:53', 'Logged out of the system', 1),
(317, 2, 2, '2017-06-01 08:51:01', 'Logged into the system', 1),
(318, 2, 2, '2017-06-01 08:57:20', 'Updated personal details', 1),
(319, 2, 2, '2017-06-01 08:57:25', 'Updated personal details', 1),
(320, 2, 2, '2017-06-01 09:15:20', 'Updated personal details', 1),
(321, 2, 2, '2017-06-01 10:07:39', 'Logged out of the system', 1),
(322, 10, 10, '2017-06-01 10:07:44', 'Logged into the system', 1),
(323, 24, 10, '2017-06-01 10:10:15', 'Confirmed or reactivated appointment ID: 14', 1),
(324, 24, 10, '2017-06-01 10:10:51', 'Cleared appointment ID: 14', 1),
(325, 24, 10, '2017-06-01 10:11:08', 'Confirmed or reactivated appointment ID: 14', 1),
(326, 24, 10, '2017-06-01 10:11:11', 'Canceled appointment ID: 14', 1),
(327, 24, 10, '2017-06-01 10:11:13', 'Confirmed or reactivated appointment ID: 14', 1),
(328, 24, 10, '2017-06-01 10:11:15', 'Canceled appointment ID: 14', 1),
(329, 24, 24, '2017-06-01 10:12:46', 'Logged into the system', 1),
(330, 10, 10, '2017-06-01 10:12:59', 'Logged out of the system', 1),
(331, 24, 24, '2017-06-01 10:13:06', 'Logged into the system', 1),
(332, 24, 24, '2017-06-01 10:19:13', 'Updated personal details', 1),
(333, 24, 24, '2017-06-01 10:20:23', 'Logged out of the system', 1),
(334, 23, 23, '2017-06-01 10:20:29', 'Logged into the system', 1),
(335, 23, 23, '2017-06-01 10:23:53', 'Logged out of the system', 1),
(336, 24, 24, '2017-06-01 10:23:58', 'Logged into the system', 1),
(337, 24, 24, '2017-06-01 10:42:35', 'Logged out of the system', 1),
(338, 10, 10, '2017-06-01 10:42:45', 'Logged into the system', 1),
(339, 10, 10, '2017-06-01 10:43:14', 'Removed schedule ID: 53', 1),
(340, 10, 10, '2017-06-01 10:43:19', 'Added a schedule. ID: 54', 1),
(341, 24, 24, '2017-06-01 10:47:05', 'Logged out of the system', 1),
(342, 24, 24, '2017-06-01 10:47:11', 'Logged into the system', 1),
(343, 24, 24, '2017-06-01 10:49:17', 'Reserved appointment with doctor: 10', 1),
(344, 24, 24, '2017-06-01 11:04:27', 'Reserved appointment with doctor: 10', 1),
(345, 24, 10, '2017-06-01 13:06:09', 'Confirmed or reactivated appointment ID: 17', 1),
(346, 24, 10, '2017-06-01 13:06:14', 'Cleared appointment ID: 17', 1),
(347, 10, 24, '2017-06-01 14:06:36', 'Published a review', 1),
(348, 10, 24, '2017-06-01 14:08:00', 'Published a review', 1),
(349, 24, 24, '2017-06-01 14:08:44', 'Logged out of the system', 1),
(350, 24, 24, '2017-06-01 14:11:15', 'Logged into the system', 1),
(351, 24, 24, '2017-06-02 06:43:53', 'Logged into the system', 1),
(352, 24, 24, '2017-06-02 06:46:24', 'Logged out of the system', 1),
(353, 10, 10, '2017-06-02 06:46:30', 'Logged into the system', 1),
(354, 10, 10, '2017-06-03 13:39:10', 'Logged into the system', 1),
(355, 10, 10, '2017-06-03 14:04:22', 'Updated profile picture', 1),
(356, 10, 10, '2017-06-03 14:04:48', 'Logged out of the system', 1),
(357, 20, 20, '2017-06-03 14:05:23', 'Logged into the system', 1),
(358, 20, 20, '2017-06-03 14:06:42', 'Updated profile picture', 1),
(359, 20, 20, '2017-06-03 14:07:12', 'Logged out of the system', 1),
(360, 21, 21, '2017-06-03 14:07:28', 'Logged into the system', 1),
(361, 21, 21, '2017-06-03 14:07:45', 'Updated profile picture', 1),
(362, 21, 21, '2017-06-03 14:08:13', 'Logged out of the system', 1),
(363, 2, 2, '2017-06-03 14:08:52', 'Logged into the system', 1),
(364, 2, 2, '2017-06-03 14:09:42', 'Logged out of the system', 1),
(365, 10, 10, '2017-06-03 14:13:19', 'Logged into the system', 1),
(366, 10, 10, '2017-06-04 15:24:45', 'Logged into the system', 1),
(367, 10, 10, '2017-06-04 15:56:09', 'Logged out of the system', 1),
(368, 20, 20, '2017-06-04 15:56:19', 'Logged into the system', 1),
(369, 20, 20, '2017-06-04 16:08:48', 'Logged out of the system', 1),
(370, 2, 2, '2017-06-04 16:08:56', 'Logged into the system', 1),
(371, 2, 2, '2017-06-04 16:11:20', 'Logged out of the system', 1),
(372, 10, 10, '2017-06-04 16:11:27', 'Logged into the system', 1),
(373, 10, 10, '2017-06-04 16:25:38', 'Logged out of the system', 1),
(374, 20, 20, '2017-06-04 16:25:46', 'Logged into the system', 1),
(375, 20, 20, '2017-06-04 16:26:29', 'Logged out of the system', 1),
(376, 2, 2, '2017-06-04 16:26:36', 'Logged into the system', 1),
(377, 10, 10, '2017-06-05 07:19:34', 'Logged into the system', 1),
(378, 10, 10, '2017-06-05 07:19:50', 'Removed schedule ID: 54', 1),
(379, 10, 10, '2017-06-05 07:20:06', 'Added a schedule. ID: 55', 1),
(380, 10, 10, '2017-06-05 07:20:12', 'Logged out of the system', 1),
(381, 10, 10, '2017-06-05 07:20:28', 'Logged into the system', 1),
(382, 10, 10, '2017-06-05 07:20:51', 'Updated billing details', 1),
(383, 26, 26, '2017-06-09 14:12:01', 'Created a patient account', 1),
(384, 26, 26, '2017-06-09 16:33:51', 'Logged into the system', 1),
(385, 27, 27, '2017-06-10 07:14:57', 'Created a patient account', 1),
(386, 26, 26, '2017-06-18 09:42:14', 'Logged into the system', 1),
(387, 26, 26, '2017-06-18 09:42:36', 'Logged out of the system', 1),
(388, 10, 10, '2017-06-18 09:44:33', 'Logged into the system', 1),
(389, 10, 10, '2017-06-18 09:44:41', 'Removed schedule ID: 55', 1),
(390, 10, 10, '2017-06-18 09:44:48', 'Added a schedule. ID: 56', 1),
(391, 26, 26, '2017-06-18 09:45:18', 'Logged into the system', 1),
(392, 26, 26, '2017-06-18 09:46:03', 'Reserved appointment with doctor: 10', 1),
(393, 26, 10, '2017-06-18 09:48:15', 'Confirmed or reactivated appointment ID: 18', 1),
(394, 2, 2, '2017-06-18 14:52:56', 'Logged into the system', 1),
(395, 2, 2, '2017-06-18 14:53:03', 'Logged out of the system', 1),
(396, 28, 28, '2017-06-18 14:53:51', 'Created a patient account', 1),
(397, 28, 28, '2017-06-18 14:54:09', 'Reserved appointment with doctor: 10', 1);

--
-- Indexes for dumped tables
--

--
-- Indexes for table `md_appointment`
--
ALTER TABLE `md_appointment`
  ADD PRIMARY KEY (`appointmentId`);

--
-- Indexes for table `md_billing`
--
ALTER TABLE `md_billing`
  ADD PRIMARY KEY (`billId`);

--
-- Indexes for table `md_certifications`
--
ALTER TABLE `md_certifications`
  ADD PRIMARY KEY (`certificationId`);

--
-- Indexes for table `md_facilities`
--
ALTER TABLE `md_facilities`
  ADD PRIMARY KEY (`facilityId`);

--
-- Indexes for table `md_insurance`
--
ALTER TABLE `md_insurance`
  ADD PRIMARY KEY (`insuranceId`);

--
-- Indexes for table `md_notifications`
--
ALTER TABLE `md_notifications`
  ADD PRIMARY KEY (`notifId`);

--
-- Indexes for table `md_payments`
--
ALTER TABLE `md_payments`
  ADD PRIMARY KEY (`payment_id`);

--
-- Indexes for table `md_reports`
--
ALTER TABLE `md_reports`
  ADD PRIMARY KEY (`reportId`);

--
-- Indexes for table `md_review`
--
ALTER TABLE `md_review`
  ADD PRIMARY KEY (`reviewId`);

--
-- Indexes for table `md_sessions`
--
ALTER TABLE `md_sessions`
  ADD PRIMARY KEY (`id`,`ip_address`), ADD KEY `ci_sessions_timestamp` (`timestamp`);

--
-- Indexes for table `md_specialist`
--
ALTER TABLE `md_specialist`
  ADD PRIMARY KEY (`specialistId`), ADD UNIQUE KEY `userId` (`userId`);

--
-- Indexes for table `md_specialist_insurance`
--
ALTER TABLE `md_specialist_insurance`
  ADD PRIMARY KEY (`specInsId`);

--
-- Indexes for table `md_specialty`
--
ALTER TABLE `md_specialty`
  ADD PRIMARY KEY (`specialtyId`);

--
-- Indexes for table `md_symptoms`
--
ALTER TABLE `md_symptoms`
  ADD PRIMARY KEY (`symptomId`);

--
-- Indexes for table `md_timeslot`
--
ALTER TABLE `md_timeslot`
  ADD PRIMARY KEY (`timeslotId`);

--
-- Indexes for table `md_user`
--
ALTER TABLE `md_user`
  ADD PRIMARY KEY (`userId`), ADD UNIQUE KEY `email` (`email`);

--
-- Indexes for table `md_user_group`
--
ALTER TABLE `md_user_group`
  ADD PRIMARY KEY (`user_group_id`);

--
-- Indexes for table `md_user_logs`
--
ALTER TABLE `md_user_logs`
  ADD PRIMARY KEY (`logId`);

--
-- AUTO_INCREMENT for dumped tables
--

--
-- AUTO_INCREMENT for table `md_appointment`
--
ALTER TABLE `md_appointment`
  MODIFY `appointmentId` int(10) NOT NULL AUTO_INCREMENT,AUTO_INCREMENT=20;
--
-- AUTO_INCREMENT for table `md_billing`
--
ALTER TABLE `md_billing`
  MODIFY `billId` int(11) NOT NULL AUTO_INCREMENT,AUTO_INCREMENT=3;
--
-- AUTO_INCREMENT for table `md_certifications`
--
ALTER TABLE `md_certifications`
  MODIFY `certificationId` int(11) NOT NULL AUTO_INCREMENT,AUTO_INCREMENT=2;
--
-- AUTO_INCREMENT for table `md_facilities`
--
ALTER TABLE `md_facilities`
  MODIFY `facilityId` int(11) NOT NULL AUTO_INCREMENT,AUTO_INCREMENT=3;
--
-- AUTO_INCREMENT for table `md_insurance`
--
ALTER TABLE `md_insurance`
  MODIFY `insuranceId` int(10) NOT NULL AUTO_INCREMENT,AUTO_INCREMENT=5;
--
-- AUTO_INCREMENT for table `md_notifications`
--
ALTER TABLE `md_notifications`
  MODIFY `notifId` int(11) NOT NULL AUTO_INCREMENT,AUTO_INCREMENT=35;
--
-- AUTO_INCREMENT for table `md_payments`
--
ALTER TABLE `md_payments`
  MODIFY `payment_id` int(11) NOT NULL AUTO_INCREMENT,AUTO_INCREMENT=11;
--
-- AUTO_INCREMENT for table `md_reports`
--
ALTER TABLE `md_reports`
  MODIFY `reportId` int(11) NOT NULL AUTO_INCREMENT;
--
-- AUTO_INCREMENT for table `md_review`
--
ALTER TABLE `md_review`
  MODIFY `reviewId` int(11) NOT NULL AUTO_INCREMENT,AUTO_INCREMENT=4;
--
-- AUTO_INCREMENT for table `md_specialist`
--
ALTER TABLE `md_specialist`
  MODIFY `specialistId` int(11) NOT NULL AUTO_INCREMENT,AUTO_INCREMENT=10;
--
-- AUTO_INCREMENT for table `md_specialist_insurance`
--
ALTER TABLE `md_specialist_insurance`
  MODIFY `specInsId` int(10) NOT NULL AUTO_INCREMENT,AUTO_INCREMENT=11;
--
-- AUTO_INCREMENT for table `md_specialty`
--
ALTER TABLE `md_specialty`
  MODIFY `specialtyId` int(11) NOT NULL AUTO_INCREMENT,AUTO_INCREMENT=26;
--
-- AUTO_INCREMENT for table `md_symptoms`
--
ALTER TABLE `md_symptoms`
  MODIFY `symptomId` int(11) NOT NULL AUTO_INCREMENT,AUTO_INCREMENT=97;
--
-- AUTO_INCREMENT for table `md_timeslot`
--
ALTER TABLE `md_timeslot`
  MODIFY `timeslotId` int(10) NOT NULL AUTO_INCREMENT,AUTO_INCREMENT=57;
--
-- AUTO_INCREMENT for table `md_user`
--
ALTER TABLE `md_user`
  MODIFY `userId` int(11) NOT NULL AUTO_INCREMENT,AUTO_INCREMENT=29;
--
-- AUTO_INCREMENT for table `md_user_group`
--
ALTER TABLE `md_user_group`
  MODIFY `user_group_id` int(11) NOT NULL AUTO_INCREMENT,AUTO_INCREMENT=4;
--
-- AUTO_INCREMENT for table `md_user_logs`
--
ALTER TABLE `md_user_logs`
  MODIFY `logId` int(11) NOT NULL AUTO_INCREMENT,AUTO_INCREMENT=398;
/*!40101 SET CHARACTER_SET_CLIENT=@OLD_CHARACTER_SET_CLIENT */;
/*!40101 SET CHARACTER_SET_RESULTS=@OLD_CHARACTER_SET_RESULTS */;
/*!40101 SET COLLATION_CONNECTION=@OLD_COLLATION_CONNECTION */;
